link,product_name,product_nm,marketplace,province,itemId,shopId,star_review,original_price,discount_price,amount_sold,per_discount,check_percent
www.lazada.co.th/products/6-20-1085-2566-i5081043336.html,"‡∏Ç‡πâ‡∏≤‡∏ß‡πÄ‡∏´‡∏ô‡∏µ‡∏¢‡∏ß ‡∏Å‡∏Ç6 ‡∏ö‡∏£‡∏£‡∏à‡∏∏ 20 ‡∏Å‡∏¥‡πÇ‡∏•‡∏Å‡∏£‡∏±‡∏° ‡∏£‡∏ß‡∏°‡∏™‡πà‡∏á 1,085 ‡∏ö‡∏≤‡∏ó ‡∏Ç‡πâ‡∏≤‡∏ß‡∏™‡∏≤‡∏£‡∏û‡∏∑‡πâ‡∏ô‡∏ö‡πâ‡∏≤‡∏ô ‡∏ä‡∏≤‡∏ß‡∏ô‡∏≤ ‡∏£‡πâ‡∏≠‡∏¢‡πÄ‡∏≠‡πá‡∏î ‡∏Ç‡πâ‡∏≤‡∏ß‡∏õ‡∏•‡∏≤‡∏¢‡∏õ‡∏µ 2566",‡∏Ç‡πâ‡∏≤‡∏ß‡πÄ‡∏´‡∏ô‡∏µ‡∏¢‡∏ß‡∏û‡∏±‡∏ô‡∏ò‡∏∏‡πå_‡∏Å‡∏Ç6,lazada,‡∏£‡πâ‡∏≠‡∏¢‡πÄ‡∏≠‡πá‡∏î,5081043336,2461186,4.8,1085,1045,79,4,227.85
www.lazada.co.th/products/6-100-1-kg-6-100-i2635249427.html,‡∏Ç‡πâ‡∏≤‡∏ß‡∏Æ‡∏≤‡∏á‡πÄ‡∏´‡∏ô‡∏µ‡∏¢‡∏ß ‡∏Å‡∏Ç6 ‡πÅ‡∏ó‡πâ100% ‡∏Ç‡∏ô‡∏≤‡∏î 1 Kg. ‡πÅ‡∏û‡πá‡∏Ñ‡∏™‡∏∏‡∏ç‡∏ç‡∏≤‡∏Å‡∏≤‡∏® ‡∏ó‡∏≥‡∏à‡∏≤‡∏Å‡∏Ç‡πâ‡∏≤‡∏ß‡πÄ‡∏´‡∏ô‡∏µ‡∏¢‡∏ß ‡∏Å‡∏Ç6 ‡πÅ‡∏ó‡πâ 100% ‡∏ô‡πâ‡∏≥‡∏ï‡∏≤‡∏•‡∏ï‡πà‡∏≥ ‡∏´‡∏∏‡∏á‡πÑ‡∏î‡πâ ‡∏ô‡∏∂‡πà‡∏á‡πÑ‡∏î‡πâ,‡∏Ç‡πâ‡∏≤‡∏ß‡πÄ‡∏´‡∏ô‡∏µ‡∏¢‡∏ß‡∏û‡∏±‡∏ô‡∏ò‡∏∏‡πå_‡∏Å‡∏Ç6,lazada,‡∏°‡∏´‡∏≤‡∏™‡∏≤‡∏£‡∏Ñ‡∏≤‡∏°,2635249427,2062146,5.0,0,125,659,0,0
www.lazada.co.th/products/6-2566-1-25-1350-i2764222306.html,"‡∏Ç‡πâ‡∏≤‡∏ß‡πÄ‡∏´‡∏ô‡∏µ‡∏¢‡∏ß ‡∏Å‡∏Ç6 ‡∏Ç‡πâ‡∏≤‡∏ß‡πÉ‡∏´‡∏°‡πà‡∏ô‡∏≤‡∏õ‡∏µ 2566 ‡∏£‡πâ‡∏≠‡∏¢‡πÄ‡∏≠‡πá‡∏î 1 ‡∏Å‡∏£‡∏∞‡∏™‡∏≠‡∏ö ‡∏ö‡∏£‡∏£‡∏à‡∏∏ 25 ‡∏Å‡∏¥‡πÇ‡∏•‡∏Å‡∏£‡∏±‡∏° ‡∏£‡∏ß‡∏°‡∏à‡∏±‡∏î‡∏™‡πà‡∏á 1,350 ‡∏ö‡∏≤‡∏ó *‡∏Ç‡πâ‡∏≤‡∏ß‡∏™‡∏≤‡∏£‡∏û‡∏∑‡πâ‡∏ô‡∏ö‡πâ‡∏≤‡∏ô‡∏ä‡∏≤‡∏ß‡∏ô‡∏≤‡∏™‡∏µ‡πÄ‡∏≠‡∏á",‡∏Ç‡πâ‡∏≤‡∏ß‡πÄ‡∏´‡∏ô‡∏µ‡∏¢‡∏ß‡∏û‡∏±‡∏ô‡∏ò‡∏∏‡πå_‡∏Å‡∏Ç6,lazada,‡∏£‡πâ‡∏≠‡∏¢‡πÄ‡∏≠‡πá‡∏î,2764222306,2461186,4.9,1350,1299,312,4,-2862
www.lazada.co.th/products/6-2566-25-1350-i4255010988.html,"‡∏Ç‡πâ‡∏≤‡∏ß‡πÄ‡∏´‡∏ô‡∏µ‡∏¢‡∏ß ‡∏Å‡∏Ç6 ‡∏Ç‡πâ‡∏≤‡∏ß‡πÉ‡∏´‡∏°‡πà‡∏õ‡∏µ 2566 ‡∏Ç‡πâ‡∏≤‡∏ß‡∏™‡∏≤‡∏£‡∏û‡∏∑‡πâ‡∏ô‡∏ö‡πâ‡∏≤‡∏ô ‡∏™‡∏¥‡∏ô‡∏Ñ‡πâ‡∏≤‡∏ä‡∏≤‡∏ß‡∏ô‡∏≤‡∏£‡πâ‡∏≠‡∏¢‡πÄ‡∏≠‡πá‡∏î ‡∏ö‡∏£‡∏£‡∏à‡∏∏ 25 ‡∏Å‡∏¥‡πÇ‡∏•‡∏Å‡∏£‡∏±‡∏° ‡∏£‡πà‡∏ß‡∏°‡∏™‡πà‡∏á 1,350 ‡∏ö‡∏≤‡∏ó ‡∏Ç‡πâ‡∏≤‡∏ß‡∏™‡∏≤‡∏£‡∏û‡∏∑‡πâ‡∏ô‡∏ö‡πâ‡∏≤‡∏ô‡∏ä‡∏≤‡∏ß‡∏ô‡∏≤‡∏™‡∏µ‡πÄ‡∏≠‡∏á",‡∏Ç‡πâ‡∏≤‡∏ß‡πÄ‡∏´‡∏ô‡∏µ‡∏¢‡∏ß‡∏û‡∏±‡∏ô‡∏ò‡∏∏‡πå_‡∏Å‡∏Ç6,lazada,‡∏£‡πâ‡∏≠‡∏¢‡πÄ‡∏≠‡πá‡∏î,4255010988,2461186,4.9,1350,1299,206,4,-1431
www.lazada.co.th/products/6-i4984877733.html,‡∏Ç‡πâ‡∏≤‡∏ß‡πÄ‡∏´‡∏ô‡∏µ‡∏¢‡∏ß ‡∏Å‡∏Ç6 ‡πÉ‡∏´‡∏°‡πà ‡∏´‡∏≠‡∏° ‡∏ô‡∏∏‡πà‡∏°,‡∏Ç‡πâ‡∏≤‡∏ß‡πÄ‡∏´‡∏ô‡∏µ‡∏¢‡∏ß‡∏û‡∏±‡∏ô‡∏ò‡∏∏‡πå_‡∏Å‡∏Ç6,lazada,‡∏Ç‡∏≠‡∏ô‡πÅ‡∏Å‡πà‡∏ô,4984877733,2813578,5.0,35,34,25,3,26.25
www.lazada.co.th/products/6-1-66-i3136325011.html,‡∏Ç‡πâ‡∏≤‡∏ß‡πÄ‡∏´‡∏ô‡∏µ‡∏¢‡∏ß ‡∏Å‡∏Ç6 ‡∏Ç‡∏ô‡∏≤‡∏î 1 ‡∏Å‡∏¥‡πÇ‡∏•‡∏Å‡∏£‡∏±‡∏° ‡∏Ç‡πâ‡∏≤‡∏ß‡πÉ‡∏´‡∏°‡πà ‡πÄ‡∏Å‡∏µ‡πà‡∏¢‡∏ß ‡∏û.‡∏¢ - ‡∏ò.‡∏Ñ 66 ‡πÅ‡∏û‡πá‡∏Ñ‡∏ñ‡∏∏‡∏á‡∏™‡∏π‡∏ç‡∏ç‡∏≤‡∏Å‡∏≤‡∏® ‡∏≠‡∏£‡πà‡∏≠‡∏¢ ‡∏´‡∏≠‡∏°‡∏ü‡∏∏‡πâ‡∏á ‡πÄ‡∏´‡∏ô‡∏µ‡∏¢‡∏ß‡∏ô‡∏∏‡πà‡∏° ‡∏à‡∏≤‡∏Å‡∏ä‡∏≤‡∏ß‡∏ô‡∏≤‡∏°‡∏∏‡∏Å‡∏î‡∏≤‡∏´‡∏≤‡∏£,‡∏Ç‡πâ‡∏≤‡∏ß‡πÄ‡∏´‡∏ô‡∏µ‡∏¢‡∏ß‡∏û‡∏±‡∏ô‡∏ò‡∏∏‡πå_‡∏Å‡∏Ç6,lazada,‡∏°‡∏∏‡∏Å‡∏î‡∏≤‡∏´‡∏≤‡∏£,3136325011,2670367,5.0,0,45,158,0,0
www.lazada.co.th/products/6-a-i5276365261.html,‡∏Ç‡πâ‡∏≤‡∏ß‡πÄ‡∏´‡∏ô‡∏µ‡∏¢‡∏ß‡πÄ‡∏Ç‡∏µ‡πâ‡∏¢‡∏ß‡∏á‡∏π‡∏Ñ‡∏±‡∏î‡∏û‡∏¥‡πÄ‡∏®‡∏© ‡∏Ç‡πâ‡∏≤‡∏ß‡πÄ‡∏´‡∏ô‡∏µ‡∏¢‡∏ß‡∏Å‡∏Ç6 ‡πÄ‡∏Å‡∏£‡∏îA ‡∏ô‡∏∏‡πà‡∏°‡∏ô‡∏ß‡∏•,‡∏Ç‡πâ‡∏≤‡∏ß‡πÄ‡∏´‡∏ô‡∏µ‡∏¢‡∏ß‡∏û‡∏±‡∏ô‡∏ò‡∏∏‡πå_‡∏Å‡∏Ç6,lazada,‡∏ô‡∏ô‡∏ó‡∏ö‡∏∏‡∏£‡∏µ,5276365261,4774455,5.0,45,27,30,40,31.5
www.lazada.co.th/products/6-1-i3865995291.html,‡∏Ç‡πâ‡∏≤‡∏ß‡πÄ‡∏´‡∏ô‡∏µ‡∏¢‡∏ß ‡∏Ç‡πâ‡∏≤‡∏ß‡πÄ‡∏´‡∏ô‡∏µ‡∏¢‡∏ß‡∏≠‡πà‡∏≠‡∏ô ‡∏Å‡∏Ç6 ‡∏ï‡∏£‡∏≤‡∏î‡∏≠‡∏Å‡∏ù‡πâ‡∏≤‡∏¢ ‡∏™‡∏∞‡∏≠‡∏≤‡∏î ‡∏≠‡∏£‡πà‡∏≠‡∏¢ ‡∏´‡∏≠‡∏°‡∏ô‡∏∏‡πà‡∏°‡∏ô‡∏ß‡∏• ‡πÅ‡∏ö‡πà‡∏á1‡∏Å‡∏¥‡πÇ‡∏•‡∏Å‡∏£‡∏±‡∏°,‡∏Ç‡πâ‡∏≤‡∏ß‡πÄ‡∏´‡∏ô‡∏µ‡∏¢‡∏ß‡∏û‡∏±‡∏ô‡∏ò‡∏∏‡πå_‡∏Å‡∏Ç6,lazada,‡∏™‡∏Å‡∏•‡∏ô‡∏Ñ‡∏£,3865995291,2083086,0.0,40,30,0,25,40
www.lazada.co.th/products/6-2566-10-550-i3113549090.html,‡∏Ç‡πâ‡∏≤‡∏ß‡πÄ‡∏´‡∏ô‡∏µ‡∏¢‡∏ß ‡∏Å‡∏Ç6 ‡∏Ç‡πâ‡∏≤‡∏ß‡πÄ‡∏´‡∏ô‡∏µ‡∏¢‡∏ß‡πÉ‡∏´‡∏°‡πà ‡∏Ç‡πâ‡∏≤‡∏ß‡∏ô‡∏≤‡∏õ‡∏µ 2566 ‡∏ä‡∏≤‡∏ß‡∏ô‡∏≤‡∏£‡πâ‡∏≠‡∏¢‡πÄ‡∏≠‡πá‡∏î ‡∏ö‡∏£‡∏£‡∏à‡∏∏ 10 ‡∏Å‡∏¥‡πÇ‡∏•‡∏Å‡∏£‡∏±‡∏° ‡∏£‡∏≤‡∏Ñ‡∏≤‡πÄ‡∏û‡∏µ‡∏¢‡∏á 550 ‡∏ö‡∏≤‡∏ó ‡∏Ç‡πâ‡∏≤‡∏ß‡∏™‡∏≤‡∏£‡∏û‡∏∑‡πâ‡∏ô‡∏ö‡πâ‡∏≤‡∏ô‡∏ä‡∏≤‡∏ß‡∏ô‡∏≤‡∏™‡∏µ‡πÄ‡∏≠‡∏á ‡πÑ‡∏°‡πà‡∏£‡∏ß‡∏°‡∏Ñ‡πà‡∏≤‡∏à‡∏±‡∏î‡∏™‡πà‡∏á,‡∏Ç‡πâ‡∏≤‡∏ß‡πÄ‡∏´‡∏ô‡∏µ‡∏¢‡∏ß‡∏û‡∏±‡∏ô‡∏ò‡∏∏‡πå_‡∏Å‡∏Ç6,lazada,‡∏£‡πâ‡∏≠‡∏¢‡πÄ‡∏≠‡πá‡∏î,3113549090,2461186,4.9,550,490,602,11,-2761
www.lazada.co.th/products/6-1-i2538410918.html,‡∏Ç‡πâ‡∏≤‡∏ß‡∏Æ‡∏≤‡∏á‡∏à‡∏≤‡∏Å‡∏Ç‡πâ‡∏≤‡∏ß‡πÄ‡∏´‡∏ô‡∏µ‡∏¢‡∏ß ‡∏Å‡∏Ç.6 ‡∏Ç‡πâ‡∏≤‡∏ß‡∏™‡∏≤‡∏£‡πÄ‡∏´‡∏ô‡∏µ‡∏¢‡∏ß  ‡∏™‡∏∞‡∏≠‡∏≤‡∏î‡∏õ‡∏•‡∏≠‡∏î‡∏†‡∏±‡∏¢  ‡∏ô‡πâ‡∏≥‡∏´‡∏ô‡∏±‡∏Å‡πÅ‡∏û‡πá‡∏Ñ‡∏•‡∏∞ 1 ‡∏Å‡∏Å.,‡∏Ç‡πâ‡∏≤‡∏ß‡πÄ‡∏´‡∏ô‡∏µ‡∏¢‡∏ß‡∏û‡∏±‡∏ô‡∏ò‡∏∏‡πå_‡∏Å‡∏Ç6,lazada,‡∏ô‡∏Ñ‡∏£‡∏û‡∏ô‡∏°,2538410918,1639437,4.8,0,100,43,0,0
www.lazada.co.th/products/6-5-i310716664.html,‡∏Ç‡πâ‡∏≤‡∏ß‡πÄ‡∏´‡∏ô‡∏µ‡∏¢‡∏ß ‡∏Å.‡∏Ç. 6 [‡∏Ç‡πâ‡∏≤‡∏ß‡πÄ‡∏´‡∏ô‡∏µ‡∏¢‡∏ß‡πÉ‡∏´‡∏°‡πà ]‡∏Ñ‡∏±‡∏î‡∏û‡∏¥‡πÄ‡∏®‡∏© ‡∏ï‡∏£‡∏≤‡πÑ‡∏Å‡πà‡πÅ‡∏à‡πâ 5 ‡∏Å.‡∏Å.,‡∏Ç‡πâ‡∏≤‡∏ß‡πÄ‡∏´‡∏ô‡∏µ‡∏¢‡∏ß‡∏û‡∏±‡∏ô‡∏ò‡∏∏‡πå_‡∏Å‡∏Ç6,lazada,‡∏û‡∏¥‡∏à‡∏¥‡∏ï‡∏£,310716664,216691,4.9,350,315,282,10,-637
www.lazada.co.th/products/6-15-best-quality-sticky-rice-15-kg-i220536068.html,‡∏Ç‡πâ‡∏≤‡∏ß‡πÄ‡∏´‡∏ô‡∏µ‡∏¢‡∏ß ‡∏Å‡∏Ç 6 ‡∏Ñ‡∏±‡∏î‡∏û‡∏¥‡πÄ‡∏®‡∏© ‡∏ï‡∏£‡∏≤‡πÅ‡∏´‡∏•‡∏°‡∏ó‡∏≠‡∏á 15 ‡∏Å‡∏Å./Best Quality Sticky Rice 15 Kg.,‡∏Ç‡πâ‡∏≤‡∏ß‡πÄ‡∏´‡∏ô‡∏µ‡∏¢‡∏ß‡∏û‡∏±‡∏ô‡∏ò‡∏∏‡πå_‡∏Å‡∏Ç6,lazada,‡∏Ç‡∏≠‡∏ô‡πÅ‡∏Å‡πà‡∏ô,220536068,169534,4.6,0,579,124,0,0
www.lazada.co.th/products/6-2566-5-290-2566-i2724690890.html,‡∏Ç‡πâ‡∏≤‡∏ß‡πÄ‡∏´‡∏ô‡∏µ‡∏¢‡∏ß ‡∏Å‡∏Ç6 ‡∏Ç‡πâ‡∏≤‡∏ß‡πÉ‡∏´‡∏°‡πà‡∏ô‡∏≤‡∏õ‡∏µ 2566 ‡∏ñ‡∏∏‡∏á 5 ‡∏Å‡∏¥‡πÇ‡∏•‡∏Å‡∏£‡∏±‡∏° ‡πÄ‡∏û‡∏µ‡∏¢‡∏á 290 ‡∏ö‡∏≤‡∏ó ‡∏Ç‡πâ‡∏≤‡∏ß‡∏ô‡∏≤‡∏õ‡∏µ2566 *‡∏¢‡∏±‡∏á‡πÑ‡∏°‡πà‡∏£‡∏ß‡∏°‡∏Ñ‡πà‡∏≤‡∏à‡∏±‡∏î‡∏™‡πà‡∏á ‡∏Ç‡πâ‡∏≤‡∏ß‡∏™‡∏≤‡∏£‡∏û‡∏∑‡πâ‡∏ô‡∏ö‡πâ‡∏≤‡∏ô‡∏ä‡∏≤‡∏ß‡∏ô‡∏≤‡∏™‡∏µ‡πÄ‡∏≠‡∏á,‡∏Ç‡πâ‡∏≤‡∏ß‡πÄ‡∏´‡∏ô‡∏µ‡∏¢‡∏ß‡∏û‡∏±‡∏ô‡∏ò‡∏∏‡πå_‡∏Å‡∏Ç6,lazada,‡∏£‡πâ‡∏≠‡∏¢‡πÄ‡∏≠‡πá‡∏î,2724690890,2461186,5.0,290,280,171,3,-205.9
www.lazada.co.th/products/6-1-i4763495995.html,‡∏Ç‡πâ‡∏≤‡∏ß‡πÄ‡∏´‡∏ô‡∏µ‡∏¢‡∏ß‡∏õ‡∏•‡∏≠‡∏î‡∏™‡∏≤‡∏£‡∏û‡∏¥‡∏© ‡∏Å‡∏Ç6 ‡∏Ç‡πâ‡∏≤‡∏ß‡πÄ‡∏´‡∏ô‡∏µ‡∏¢‡∏ß‡πÉ‡∏´‡∏°‡πà ‡∏ö‡∏£‡∏£‡∏à‡∏∏ 1 ‡∏Å‡∏¥‡πÇ‡∏•‡∏Å‡∏£‡∏±‡∏°,‡∏Ç‡πâ‡∏≤‡∏ß‡πÄ‡∏´‡∏ô‡∏µ‡∏¢‡∏ß‡∏û‡∏±‡∏ô‡∏ò‡∏∏‡πå_‡∏Å‡∏Ç6,lazada,‡∏™‡∏Å‡∏•‡∏ô‡∏Ñ‡∏£,4763495995,323924,5.0,0,30,1,0,0
www.lazada.co.th/products/6-1kg-2566-i4998249880.html,‡∏Ç‡πâ‡∏≤‡∏ß‡πÄ‡∏´‡∏ô‡∏µ‡∏¢‡∏ß ‡∏Å‡∏Ç6 1kg. ‡∏Ç‡πâ‡∏≤‡∏ß‡πÉ‡∏´‡∏°‡πà ‡∏§‡∏î‡∏π‡∏õ‡∏•‡∏π‡∏Å 2566,‡∏Ç‡πâ‡∏≤‡∏ß‡πÄ‡∏´‡∏ô‡∏µ‡∏¢‡∏ß‡∏û‡∏±‡∏ô‡∏ò‡∏∏‡πå_‡∏Å‡∏Ç6,lazada,‡πÄ‡∏ä‡∏µ‡∏¢‡∏á‡πÉ‡∏´‡∏°‡πà,4998249880,4138248,0.0,0,35,0,0,0
www.lazada.co.th/products/6-6-gaba-rice-1-i5140706081.html,‡∏Ç‡πâ‡∏≤‡∏ß‡∏Æ‡∏≤‡∏á‡∏á‡∏≠‡∏Å‡πÄ‡∏´‡∏ô‡∏µ‡∏¢‡∏ß ‡∏Å‡∏Ç6(‡∏Ç‡πâ‡∏≤‡∏ß‡∏Å‡∏•‡πâ‡∏≠‡∏á‡∏á‡∏≠‡∏Å‡πÄ‡∏´‡∏ô‡∏µ‡∏¢‡∏ß ‡∏Å‡∏Ç6) GABA RICE ‡∏Ç‡πâ‡∏≤‡∏ß‡πÄ‡∏û‡∏∑‡πà‡∏≠‡∏™‡∏∏‡∏Ç‡∏†‡∏≤‡∏û ‡∏≠‡∏≠‡∏£‡πå‡πÅ‡∏Å‡∏ô‡∏¥‡∏Å‡πÅ‡∏ó‡πâ ‡∏à‡∏≥‡∏ô‡∏ß‡∏ô 1 ‡πÅ‡∏û‡∏Ñ,‡∏Ç‡πâ‡∏≤‡∏ß‡πÄ‡∏´‡∏ô‡∏µ‡∏¢‡∏ß‡∏û‡∏±‡∏ô‡∏ò‡∏∏‡πå_‡∏Å‡∏Ç6,lazada,‡∏Ç‡∏≠‡∏ô‡πÅ‡∏Å‡πà‡∏ô,5140706081,4718315,5.0,140,99,2,29,137.2
www.lazada.co.th/products/6-1-i5279111087.html,‡∏Ç‡πâ‡∏≤‡∏ß‡πÄ‡∏´‡∏ô‡∏µ‡∏¢‡∏ß ‡∏Å‡∏Ç6 ‡∏Ñ‡∏±‡∏î‡∏û‡∏¥‡πÄ‡∏®‡∏© ‡∏ï‡∏£‡∏≤‡∏•‡πâ‡∏≠‡∏ö‡∏¥‡∏ô 1 ‡∏Å‡∏¥‡πÇ‡∏•‡∏Å‡∏£‡∏±‡∏°,‡∏Ç‡πâ‡∏≤‡∏ß‡πÄ‡∏´‡∏ô‡∏µ‡∏¢‡∏ß‡∏û‡∏±‡∏ô‡∏ò‡∏∏‡πå_‡∏Å‡∏Ç6,lazada,‡πÄ‡∏•‡∏¢,5279111087,4750747,0.0,0,62,0,0,0
www.lazada.co.th/products/6-5-i4688946299.html,üåæ‡∏Ç‡πâ‡∏≤‡∏ß‡πÄ‡∏´‡∏ô‡∏µ‡∏¢‡∏ß ‡∏Å‡∏Ç6 ‡∏Ñ‡∏±‡∏î‡∏û‡∏¥‡πÄ‡∏®‡∏©# ‡∏ï‡∏£‡∏≤‡∏Ç‡πâ‡∏≤‡∏ß‡πÄ‡∏Å‡πâ‡∏≤‡∏£‡∏ß‡∏á‡∏ó‡∏≠‡∏á #‡∏ö‡∏£‡∏£‡∏à‡∏∏‡∏ñ‡∏∏‡∏á‡∏Å‡∏£‡∏∞‡∏™‡∏≠‡∏ö5‡∏Å‡∏¥‡πÇ‡∏•‡∏Å‡∏£‡∏±‡∏° ‡∏Ç‡πâ‡∏≤‡∏ß‡πÄ‡∏´‡∏ô‡∏µ‡∏¢‡∏ß‡∏ô‡∏≤‡∏õ‡∏µ‡∏ô‡∏¥‡πà‡∏°‡∏ô‡∏≤‡∏ô‡∏ï‡∏•‡∏≠‡∏î‡∏ß‡∏±‡∏ô,‡∏Ç‡πâ‡∏≤‡∏ß‡πÄ‡∏´‡∏ô‡∏µ‡∏¢‡∏ß‡∏û‡∏±‡∏ô‡∏ò‡∏∏‡πå_‡∏Å‡∏Ç6,lazada,‡∏Å‡∏£‡∏∏‡∏á‡πÄ‡∏ó‡∏û‡∏°‡∏´‡∏≤‡∏ô‡∏Ñ‡∏£,4688946299,4152252,5.0,0,219,13,0,0
www.lazada.co.th/products/6-5-i5046992253.html,‡∏™‡πà‡∏á‡∏ü‡∏£‡∏µ &gt;&gt; ‡∏Ç‡πâ‡∏≤‡∏ß‡πÄ‡∏´‡∏ô‡∏µ‡∏¢‡∏ß ‡∏Å‡∏Ç6 ‡πÄ‡∏ä‡∏µ‡∏¢‡∏á‡∏£‡∏≤‡∏¢ &lt;&lt; 5 ‡∏Å‡∏Å. ‡∏Ñ‡∏∏‡∏ì‡∏†‡∏≤‡∏û‡πÄ‡∏Å‡∏£‡∏î‡∏™‡πà‡∏á‡∏≠‡∏≠‡∏Å ‡∏™‡πà‡∏á‡∏ï‡∏£‡∏á‡∏à‡∏≤‡∏Å‡πÇ‡∏£‡∏á‡∏™‡∏µ,‡∏Ç‡πâ‡∏≤‡∏ß‡πÄ‡∏´‡∏ô‡∏µ‡∏¢‡∏ß‡∏û‡∏±‡∏ô‡∏ò‡∏∏‡πå_‡∏Å‡∏Ç6,lazada,‡πÄ‡∏ä‡∏µ‡∏¢‡∏á‡∏£‡∏≤‡∏¢,5046992253,4650336,0.0,239,209,0,13,239
www.lazada.co.th/products/6-15-2566-815-i5081016361.html,‡∏Ç‡πâ‡∏≤‡∏ß‡πÄ‡∏´‡∏ô‡∏µ‡∏¢‡∏ß ‡∏Å‡∏Ç6 ‡∏ö‡∏£‡∏£‡∏à‡∏∏ 15 ‡∏Å‡∏¥‡πÇ‡∏•‡∏Å‡∏£‡∏±‡∏° ‡∏Ç‡πâ‡∏≤‡∏ß‡∏™‡∏≤‡∏£‡∏û‡∏∑‡πâ‡∏ô‡∏ö‡πâ‡∏≤‡∏ô ‡∏ä‡∏≤‡∏ô‡∏≤‡∏£‡πâ‡∏≠‡∏¢‡πÄ‡∏≠‡πá‡∏î ‡∏Ç‡πâ‡∏≤‡∏ß‡∏õ‡∏•‡∏≤‡∏¢‡∏õ‡∏µ 2566 ‡∏õ‡∏•‡∏≠‡∏î‡∏™‡∏≤‡∏£‡∏Å‡∏±‡∏ô‡πÅ‡∏°‡∏•‡∏á ‡∏£‡∏ß‡∏°‡∏™‡πà‡∏á 815 ‡∏ö‡∏≤‡∏ó,‡∏Ç‡πâ‡∏≤‡∏ß‡πÄ‡∏´‡∏ô‡∏µ‡∏¢‡∏ß‡∏û‡∏±‡∏ô‡∏ò‡∏∏‡πå_‡∏Å‡∏Ç6,lazada,‡∏£‡πâ‡∏≠‡∏¢‡πÄ‡∏≠‡πá‡∏î,5081016361,2461186,4.8,815,806,9,1,741.65
www.lazada.co.th/products/6-6566-i4298011109.html,‡∏Ç‡πâ‡∏≤‡∏ß‡πÄ‡∏´‡∏ô‡∏µ‡∏¢‡∏ß‡∏ô‡∏≤‡∏õ‡∏µ ‡∏Å‡∏Ç 6 ‡∏Ñ‡∏±‡∏î‡∏û‡∏¥‡πÄ‡∏®‡∏© ‡∏ï‡∏£‡∏≤ ‡πô ‡∏î‡∏≠‡∏Å‡∏ö‡∏±‡∏ß (‡∏Ñ‡∏∏‡∏ì‡∏†‡∏≤‡∏û‡∏™‡πà‡∏á‡∏≠‡∏≠‡∏Å) ‡∏Ç‡πâ‡∏≤‡∏ß‡πÉ‡∏´‡∏°‡πà‡∏õ‡∏µ65/66,‡∏Ç‡πâ‡∏≤‡∏ß‡πÄ‡∏´‡∏ô‡∏µ‡∏¢‡∏ß‡∏û‡∏±‡∏ô‡∏ò‡∏∏‡πå_‡∏Å‡∏Ç6,lazada,‡∏Å‡∏£‡∏∏‡∏á‡πÄ‡∏ó‡∏û‡∏°‡∏´‡∏≤‡∏ô‡∏Ñ‡∏£,4298011109,184,5.0,99,49,6,51,93.06
www.lazada.co.th/products/6-i4699419011.html,‡∏Ç‡πâ‡∏≤‡∏ß‡∏Ñ‡∏±‡πà‡∏ß‡∏õ‡πà‡∏ô ‡∏õ‡πà‡∏ô‡∏à‡∏≤‡∏Å‡∏Ç‡πâ‡∏≤‡∏ß‡πÄ‡∏´‡∏ô‡∏µ‡∏¢‡∏ß ‡∏Å‡∏Ç.6 ‡∏≠‡∏¥‡∏ô‡∏ó‡∏£‡∏µ‡∏¢‡πå ‡∏Ñ‡∏±‡πà‡∏ß‡∏à‡∏≤‡∏Å‡πÑ‡∏ü‡πÄ‡∏ï‡∏≤‡∏ñ‡πà‡∏≤‡∏ô ‡∏´‡∏≠‡∏°‡∏Å‡∏£‡∏∏‡πà‡∏ô‡∏°‡∏≤‡∏Å ‡∏õ‡πà‡∏ô‡πÉ‡∏´‡∏°‡πà‡∏ó‡∏∏‡∏Å‡∏ß‡∏±‡∏ô,‡∏Ç‡πâ‡∏≤‡∏ß‡πÄ‡∏´‡∏ô‡∏µ‡∏¢‡∏ß‡∏û‡∏±‡∏ô‡∏ò‡∏∏‡πå_‡∏Å‡∏Ç6,lazada,‡∏´‡∏ô‡∏≠‡∏á‡∏ö‡∏±‡∏ß‡∏•‡∏≥‡∏†‡∏π,4699419011,4200875,0.0,0,50,0,0,0
www.lazada.co.th/products/6-1-phayao-sticky-rice-rd6-i5330233020.html,‡∏Ç‡πâ‡∏≤‡∏ß‡πÄ‡∏´‡∏ô‡∏µ‡∏¢‡∏ß ‡∏û‡∏∞‡πÄ‡∏¢‡∏≤ ‡∏Å‡∏Ç.6  ‡πÅ‡∏û‡πá‡∏Ñ‡∏™‡∏π‡∏ç‡∏ç‡∏≤‡∏Å‡∏≤‡∏®( 1 ‡∏Å‡∏¥‡πÇ‡∏•‡∏Å‡∏£‡∏±‡∏° ) Phayao Sticky Rice (RD6),‡∏Ç‡πâ‡∏≤‡∏ß‡πÄ‡∏´‡∏ô‡∏µ‡∏¢‡∏ß‡∏û‡∏±‡∏ô‡∏ò‡∏∏‡πå_‡∏Å‡∏Ç6,lazada,‡∏õ‡∏ó‡∏∏‡∏°‡∏ò‡∏≤‡∏ô‡∏µ,5330233020,3511352,0.0,60,45,0,25,60
www.lazada.co.th/products/6-1-i5054924031.html,‡∏Ç‡πâ‡∏≤‡∏ß‡πÄ‡∏´‡∏ô‡∏µ‡∏¢‡∏ß ‡∏Å‡∏Ç 6 ‡∏à‡∏≤‡∏Å‡∏ä‡∏≤‡∏ß‡∏ô‡∏≤‡πÇ‡∏î‡∏¢‡∏ï‡∏£‡∏á ‡πÑ‡∏°‡πà‡∏ú‡πà‡∏≤‡∏ô‡∏û‡πà‡∏≠‡∏Ñ‡πâ‡∏≤‡∏Ñ‡∏ô‡∏Å‡∏•‡∏≤‡∏á ‡πÑ‡∏°‡πà‡∏≠‡∏≤‡∏ö‡∏™‡∏≤‡∏£‡∏Å‡∏±‡∏ô‡∏°‡∏≠‡∏î ‡∏õ‡∏•‡∏≠‡∏î‡∏™‡∏≤‡∏£‡∏û‡∏¥‡∏© ‡∏Å‡∏≥‡∏à‡∏±‡∏î‡∏ß‡∏±‡∏ä‡∏û‡∏∑‡∏ä‡∏î‡πâ‡∏ß‡∏¢‡∏Å‡∏≤‡∏£‡∏ï‡∏±‡∏î ‡∏™‡∏î‡πÉ‡∏´‡∏°‡πà‡∏™‡∏µ‡∏Ç‡∏≤‡∏¢‡∏ï‡∏≤‡∏°‡∏≠‡∏≠‡πÄ‡∏î‡∏≠‡∏£‡πå ‡∏Ç‡∏ô‡∏≤‡∏î 1 ‡∏Å‡∏¥‡πÇ‡∏•‡∏Å‡∏£‡∏±‡∏°,‡∏Ç‡πâ‡∏≤‡∏ß‡πÄ‡∏´‡∏ô‡∏µ‡∏¢‡∏ß‡∏û‡∏±‡∏ô‡∏ò‡∏∏‡πå_‡∏Å‡∏Ç6,lazada,‡∏¢‡πÇ‡∏™‡∏ò‡∏£,5054924031,4654759,5.0,0,35,29,0,0
www.lazada.co.th/products/6-1-i4614196492.html,‡∏Ç‡πâ‡∏≤‡∏ß‡πÄ‡∏õ‡∏•‡∏∑‡∏≠‡∏Å ‡∏Å‡∏Ç.6 (‡∏Ç‡πâ‡∏≤‡∏ß‡πÄ‡∏´‡∏ô‡∏µ‡∏¢‡∏ß) ‡∏≠‡∏≠‡πÅ‡∏Å‡∏ô‡∏¥‡∏Ñ 1‡∏Å‡∏¥‡πÇ‡∏•‡∏Å‡∏£‡∏±‡∏°,‡∏Ç‡πâ‡∏≤‡∏ß‡πÄ‡∏´‡∏ô‡∏µ‡∏¢‡∏ß‡∏û‡∏±‡∏ô‡∏ò‡∏∏‡πå_‡∏Å‡∏Ç6,lazada,‡∏™‡∏Å‡∏•‡∏ô‡∏Ñ‡∏£,4614196492,1945310,3.5,0,15,33,0,0
www.lazada.co.th/products/6-i5278688641.html,‡∏Ç‡πâ‡∏≤‡∏ß‡πÄ‡∏´‡∏ô‡∏µ‡∏¢‡∏ß‡∏Ñ‡∏±‡∏î‡∏û‡∏¥‡πÄ‡∏®‡∏©.‡∏Å‡∏Ç.6 ‡∏™‡∏¥‡∏ô‡∏Ñ‡πâ‡∏≤‡∏Ç‡∏≠‡∏á‡∏ä‡∏≤‡∏ß‡∏ô‡∏≤‡πÇ‡∏î‡∏¢‡∏ï‡∏£‡∏á,‡∏Ç‡πâ‡∏≤‡∏ß‡πÄ‡∏´‡∏ô‡∏µ‡∏¢‡∏ß‡∏û‡∏±‡∏ô‡∏ò‡∏∏‡πå_‡∏Å‡∏Ç6,lazada,‡∏®‡∏£‡∏µ‡∏™‡∏∞‡πÄ‡∏Å‡∏©,5278688641,4171880,0.0,0,34,0,0,0
www.lazada.co.th/products/6-i5252185664.html,‡∏Ç‡πâ‡∏≤‡∏ß‡πÄ‡∏´‡∏ô‡∏µ‡∏¢‡∏ß ‡∏Å‡∏Ç.6 ‡∏à‡∏≤‡∏Å‡∏ä‡∏≤‡∏ß‡∏ô‡∏≤‡∏®‡∏£‡∏µ‡∏™‡∏∞‡πÄ‡∏Å‡∏© ‡∏Ç‡πâ‡∏≤‡∏ß‡∏ô‡∏≤‡∏õ‡∏µ(‡∏õ‡∏•‡∏∏‡∏Å‡πÄ‡∏≠‡∏á‡∏Ç‡∏≤‡∏¢‡πÄ‡∏≠‡∏á),‡∏Ç‡πâ‡∏≤‡∏ß‡πÄ‡∏´‡∏ô‡∏µ‡∏¢‡∏ß‡∏û‡∏±‡∏ô‡∏ò‡∏∏‡πå_‡∏Å‡∏Ç6,lazada,‡∏Å‡∏£‡∏∏‡∏á‡πÄ‡∏ó‡∏û‡∏°‡∏´‡∏≤‡∏ô‡∏Ñ‡∏£,5252185664,4643557,5.0,0,59,7,0,0
www.lazada.co.th/products/6-5-i5054935055.html,‡∏Ç‡πâ‡∏≤‡∏ß‡πÄ‡∏´‡∏ô‡∏µ‡∏¢‡∏ß ‡∏Å‡∏Ç 6 ‡∏à‡∏≤‡∏Å‡∏ä‡∏≤‡∏ß‡∏ô‡∏≤‡πÇ‡∏î‡∏¢‡∏ï‡∏£‡∏á ‡πÑ‡∏°‡πà‡∏ú‡πà‡∏≤‡∏ô‡∏û‡πà‡∏≠‡∏Ñ‡πâ‡∏≤‡∏Ñ‡∏ô‡∏Å‡∏•‡∏≤‡∏á ‡πÑ‡∏°‡πà‡∏≠‡∏≤‡∏ö‡∏™‡∏≤‡∏£‡∏Å‡∏±‡∏ô‡∏°‡∏≠‡∏î ‡∏õ‡∏•‡∏≠‡∏î‡∏™‡∏≤‡∏£‡∏û‡∏¥‡∏© ‡∏Å‡∏≥‡∏à‡∏±‡∏î‡∏ß‡∏±‡∏ä‡∏û‡∏∑‡∏ä‡∏î‡πâ‡∏ß‡∏¢‡∏Å‡∏≤‡∏£‡∏ï‡∏±‡∏î ‡∏™‡∏î‡πÉ‡∏´‡∏°‡πà‡∏™‡∏µ‡∏Ç‡∏≤‡∏¢‡∏ï‡∏≤‡∏°‡∏≠‡∏≠‡πÄ‡∏î‡∏≠‡∏£‡πå ‡∏Ç‡∏ô‡∏≤‡∏î 5 ‡∏Å‡∏¥‡πÇ‡∏•‡∏Å‡∏£‡∏±‡∏°,‡∏Ç‡πâ‡∏≤‡∏ß‡πÄ‡∏´‡∏ô‡∏µ‡∏¢‡∏ß‡∏û‡∏±‡∏ô‡∏ò‡∏∏‡πå_‡∏Å‡∏Ç6,lazada,‡∏¢‡πÇ‡∏™‡∏ò‡∏£,5054935055,4654759,5.0,0,175,1,0,0
www.lazada.co.th/products/6-100-i5112341628.html,‡∏Ç‡πâ‡∏≤‡∏ß‡πÄ‡∏´‡∏ô‡∏µ‡∏¢‡∏ß‡∏ô‡∏≤‡∏õ‡∏µ ‡∏Å‡∏Ç.6 100% ‡∏ï‡∏£‡∏≤‡∏û‡∏ç‡∏≤‡πÑ‡∏≠‡∏¢‡∏£‡∏≤ ‡∏ä‡∏±‡πâ‡∏ô‡∏û‡∏¥‡πÄ‡∏®‡∏©‡πÄ‡∏Å‡∏£‡∏î‡∏™‡πà‡∏á,‡∏Ç‡πâ‡∏≤‡∏ß‡πÄ‡∏´‡∏ô‡∏µ‡∏¢‡∏ß‡∏û‡∏±‡∏ô‡∏ò‡∏∏‡πå_‡∏Å‡∏Ç6,lazada,‡∏™‡∏°‡∏∏‡∏ó‡∏£‡∏õ‡∏£‡∏≤‡∏Å‡∏≤‡∏£,5112341628,2597636,0.0,0,99,0,0,0
www.lazada.co.th/products/new-6-5-5-i5253317928.html,New!! ‡∏Ç‡πâ‡∏≤‡∏ß‡πÄ‡∏´‡∏ô‡∏µ‡∏¢‡∏ß ‡∏Å‡∏Ç.6 ‡∏ï‡∏£‡∏≤‡πÉ‡∏ö‡∏Ç‡πâ‡∏≤‡∏ß ‡∏Ç‡πâ‡∏≤‡∏ß‡πÄ‡∏´‡∏ô‡∏µ‡∏¢‡∏ß‡∏à‡∏≤‡∏Å‡∏ó‡∏≤‡∏á‡∏†‡∏≤‡∏Ñ‡πÄ‡∏´‡∏ô‡∏∑‡∏≠ ‡∏Ñ‡∏±‡∏î‡∏™‡∏£‡∏£‡∏≠‡∏¢‡πà‡∏≤‡∏á‡∏î‡∏µ ‡∏Ç‡∏ô‡∏≤‡∏î 5 ‡∏Å‡∏¥‡πÇ‡∏• [‡∏™‡∏±‡πà‡∏á 5 ‡∏ñ‡∏∏‡∏á‡∏™‡πà‡∏á‡∏ü‡∏£‡∏µ],‡∏Ç‡πâ‡∏≤‡∏ß‡πÄ‡∏´‡∏ô‡∏µ‡∏¢‡∏ß‡∏û‡∏±‡∏ô‡∏ò‡∏∏‡πå_‡∏Å‡∏Ç6,lazada,‡πÄ‡∏ä‡∏µ‡∏¢‡∏á‡πÉ‡∏´‡∏°‡πà,5253317928,2820583,4.9,0,199,63,0,0
www.lazada.co.th/products/6-45-i4064299382.html,‡∏Ç‡πâ‡∏≤‡∏ß‡πÄ‡∏´‡∏ô‡∏µ‡∏¢‡∏ß ‡∏Å‡∏Ç.6 ‡∏≠‡∏∏‡∏î‡∏£‡∏ò‡∏≤‡∏ô‡∏µ ‡∏Ñ‡∏±‡∏î‡∏û‡∏¥‡πÄ‡∏®‡∏© ‡πÄ‡∏°‡∏•‡πá‡∏î‡∏Ç‡∏≤‡∏ß ‡∏¢‡∏≤‡∏ß ‡πÄ‡∏£‡∏µ‡∏¢‡∏ß¬†‡∏ô‡∏∂‡πà‡∏á‡∏ô‡∏¥‡πà‡∏° ‡∏´‡∏≠‡∏°‡∏≠‡∏£‡πà‡∏≠‡∏¢ ‡∏≠‡∏∏‡πà‡∏ô‡πÑ‡∏î‡πâ‡∏´‡∏•‡∏≤‡∏¢‡∏Ñ‡∏£‡∏±‡πâ‡∏á ‡∏ï‡∏£‡∏≤ ‡∏•‡∏¥‡πâ‡∏ô‡∏à‡∏µ‡πà‡πÅ‡∏î‡∏á ‡∏Ç‡∏ô‡∏≤‡∏î 45 ‡∏Å‡∏Å. *‡∏û‡∏£‡πâ‡∏≠‡∏°‡∏à‡∏±‡∏î‡∏™‡πà‡∏á‡∏ó‡∏±‡∏ô‡∏ó‡∏µ,‡∏Ç‡πâ‡∏≤‡∏ß‡πÄ‡∏´‡∏ô‡∏µ‡∏¢‡∏ß‡∏û‡∏±‡∏ô‡∏ò‡∏∏‡πå_‡∏Å‡∏Ç6,lazada,‡∏Å‡∏£‡∏∏‡∏á‡πÄ‡∏ó‡∏û‡∏°‡∏´‡∏≤‡∏ô‡∏Ñ‡∏£,4064299382,170073,5.0,2010,1590,17,21,1668.3
www.lazada.co.th/products/6-5-i5027116864.html,‡∏Ç‡πâ‡∏≤‡∏ß‡πÄ‡∏´‡∏ô‡∏µ‡∏¢‡∏ß‡πÉ‡∏´‡∏°‡πà‡∏ï‡πâ‡∏ô‡∏§‡∏î‡∏π ‡∏´‡∏≠‡∏° ‡∏ô‡∏∏‡πà‡∏° ‡∏£‡∏±‡∏ö‡∏õ‡∏£‡∏∞‡∏Å‡∏±‡∏ô‡∏Ñ‡∏ß‡∏≤‡∏°‡∏≠‡∏£‡πà‡∏≠‡∏¢ ‡∏Ç‡πâ‡∏≤‡∏ß‡πÄ‡∏´‡∏ô‡∏µ‡∏¢‡∏ß‡∏Å‡∏Ç.6‡πÅ‡∏ó‡πâ ‡∏Ñ‡∏∏‡∏ì‡∏†‡∏≤‡∏û‡∏î‡∏µ 5‡∏Å‡∏Å,‡∏Ç‡πâ‡∏≤‡∏ß‡πÄ‡∏´‡∏ô‡∏µ‡∏¢‡∏ß‡∏û‡∏±‡∏ô‡∏ò‡∏∏‡πå_‡∏Å‡∏Ç6,lazada,‡∏£‡πâ‡∏≠‡∏¢‡πÄ‡∏≠‡πá‡∏î,5027116864,4441189,4.9,390,190,16,51,327.6
www.lazada.co.th/products/6-10-kr20-i5123172452.html,‡∏û‡∏±‡∏ô‡∏ò‡∏∏‡πå‚Äã‡∏Ç‡πâ‡∏≤‡∏ß ‡∏Ç‡πâ‡∏≤‡∏ß‡πÄ‡∏´‡∏ô‡∏µ‡∏¢‡∏ß ‡∏Å‡∏Ç.6 ‡πÄ‡∏ï‡∏µ‡πâ‡∏¢ ‡∏Ç‡πâ‡∏≤‡∏ß‡∏ô‡∏≤‡∏õ‡∏µ ‡πÑ‡∏ß‡πÅ‡∏™‡∏á ‡∏´‡∏≠‡∏°‡∏ô‡∏∏‡πà‡∏° ‡∏ï‡πâ‡∏ô‡πÄ‡∏ï‡∏µ‡πâ‡∏¢ ‡πÑ‡∏°‡πà‡∏•‡πâ‡∏° ‡∏ö‡∏£‡∏£‡∏à‡∏∏ 10 ‡∏Å‡∏Å. ‡∏û‡∏£‡πâ‡∏≠‡∏°‡∏õ‡∏•‡∏π‡∏Å ‡∏Ñ‡∏π‡∏•‡πÄ‡∏Å‡∏©‡∏ï‡∏£ KR20,‡∏Ç‡πâ‡∏≤‡∏ß‡πÄ‡∏´‡∏ô‡∏µ‡∏¢‡∏ß‡∏û‡∏±‡∏ô‡∏ò‡∏∏‡πå_‡∏Å‡∏Ç6,lazada,‡∏ô‡∏Ñ‡∏£‡∏™‡∏ß‡∏£‡∏£‡∏Ñ‡πå,5123172452,4648841,0.0,850,750,0,12,850
www.lazada.co.th/products/6-45-i4049916417.html,‡∏Ç‡πâ‡∏≤‡∏ß‡πÄ‡∏´‡∏ô‡∏µ‡∏¢‡∏ß‡πÉ‡∏´‡∏°‡πà ‡∏Å‡∏Ç.6 ‡πÅ‡∏°‡πà‡πÇ‡∏à‡πâ ‡πÄ‡∏ä‡∏µ‡∏¢‡∏á‡πÉ‡∏´‡∏°‡πà ‡πÄ‡∏´‡∏ô‡∏µ‡∏¢‡∏ß‡∏ô‡∏∏‡πà‡∏° ‡∏´‡∏≠‡∏°‡∏≠‡∏£‡πà‡∏≠‡∏¢ ‡∏£‡∏≤‡∏Ñ‡∏≤‡∏õ‡∏£‡∏∞‡∏´‡∏¢‡∏±‡∏î ‡∏ï‡∏£‡∏≤ ‡∏Å‡∏£‡∏∞‡∏ï‡∏¥‡πä‡∏ö ‡∏Ç‡∏ô‡∏≤‡∏î 45 ‡∏Å‡∏Å. * ‡∏û‡∏£‡πâ‡∏≠‡∏°‡∏à‡∏±‡∏î‡∏™‡πà‡∏á‡∏ó‡∏±‡∏ô‡∏ó‡∏µ,‡∏Ç‡πâ‡∏≤‡∏ß‡πÄ‡∏´‡∏ô‡∏µ‡∏¢‡∏ß‡∏û‡∏±‡∏ô‡∏ò‡∏∏‡πå_‡∏Å‡∏Ç6,lazada,‡∏Å‡∏£‡∏∏‡∏á‡πÄ‡∏ó‡∏û‡∏°‡∏´‡∏≤‡∏ô‡∏Ñ‡∏£,4049916417,170073,5.0,1950,1515,20,22,1560
www.lazada.co.th/products/6-1kg-i5026146337.html,‡∏Ç‡πâ‡∏≤‡∏ß‡πÄ‡∏´‡∏ô‡∏µ‡∏¢‡∏ß‡πÉ‡∏´‡∏°‡πà‡∏ï‡πâ‡∏ô‡∏§‡∏î‡∏π ‡∏´‡∏≠‡∏° ‡∏ô‡∏∏‡πà‡∏° ‡∏£‡∏±‡∏ö‡∏õ‡∏£‡∏∞‡∏Å‡∏±‡∏ô‡∏Ñ‡∏ß‡∏≤‡∏°‡∏≠‡∏£‡πà‡∏≠‡∏¢ ‡∏Ç‡πâ‡∏≤‡∏ß‡πÄ‡∏´‡∏ô‡∏µ‡∏¢‡∏ß‡∏Å‡∏Ç.6‡πÅ‡∏ó‡πâ ‡∏Ñ‡∏∏‡∏ì‡∏†‡∏≤‡∏û‡∏î‡∏µ 1KG,‡∏Ç‡πâ‡∏≤‡∏ß‡πÄ‡∏´‡∏ô‡∏µ‡∏¢‡∏ß‡∏û‡∏±‡∏ô‡∏ò‡∏∏‡πå_‡∏Å‡∏Ç6,lazada,‡∏£‡πâ‡∏≠‡∏¢‡πÄ‡∏≠‡πá‡∏î,5026146337,4441189,5.0,80,40,11,50,71.2
www.lazada.co.th/products/3-6-i5027391675.html,‡∏Ç‡πâ‡∏≤‡∏ß‡πÄ‡∏´‡∏ô‡∏µ‡∏¢‡∏ß‡πÉ‡∏´‡∏°‡πà‡πÅ‡∏û‡πá‡∏Ñ3‡∏Å‡∏Å ‡∏™‡∏∏‡∏î‡∏Ñ‡∏∏‡πâ‡∏° ‡∏ï‡πâ‡∏ô‡∏§‡∏î‡∏π ‡∏´‡∏≠‡∏° ‡∏ô‡∏∏‡πà‡∏° ‡∏£‡∏±‡∏ö‡∏õ‡∏£‡∏∞‡∏Å‡∏±‡∏ô‡∏Ñ‡∏ß‡∏≤‡∏°‡∏≠‡∏£‡πà‡∏≠‡∏¢ ‡∏Ç‡πâ‡∏≤‡∏ß‡πÄ‡∏´‡∏ô‡∏µ‡∏¢‡∏ß‡∏Å‡∏Ç.6‡πÅ‡∏ó‡πâ ‡∏Ñ‡∏∏‡∏ì‡∏†‡∏≤‡∏û‡∏î‡∏µ,‡∏Ç‡πâ‡∏≤‡∏ß‡πÄ‡∏´‡∏ô‡∏µ‡∏¢‡∏ß‡∏û‡∏±‡∏ô‡∏ò‡∏∏‡πå_‡∏Å‡∏Ç6,lazada,‡∏£‡πâ‡∏≠‡∏¢‡πÄ‡∏≠‡πá‡∏î,5027391675,4441189,0.0,270,120,0,56,270
www.lazada.co.th/products/65kg-i4513276012.html,‡∏Ç‡πâ‡∏≤‡∏ß‡∏™‡∏≤‡∏£‡πÄ‡∏´‡∏ô‡∏µ‡∏¢‡∏ß‡∏Å‡∏Ç6‡∏Ç‡∏ô‡∏≤‡∏î5KG‡∏™‡∏µ‡πÉ‡∏´‡∏°‡πà‡∏™‡∏î‡∏ï‡∏≤‡∏°‡∏≠‡∏≠‡πÄ‡∏î‡∏≠‡∏£‡πå,‡∏Ç‡πâ‡∏≤‡∏ß‡πÄ‡∏´‡∏ô‡∏µ‡∏¢‡∏ß‡∏û‡∏±‡∏ô‡∏ò‡∏∏‡πå_‡∏Å‡∏Ç6,lazada,‡∏Ç‡∏≠‡∏ô‡πÅ‡∏Å‡πà‡∏ô,4513276012,4115357,5.0,0,150,8,0,0
www.lazada.co.th/products/6-i4376658751.html,‡∏Ç‡πâ‡∏≤‡∏ß‡πÄ‡∏´‡∏ô‡∏µ‡∏¢‡∏ß‡πÉ‡∏´‡∏°‡πà ‡∏Ç‡πâ‡∏≤‡∏ß‡πÄ‡∏´‡∏ô‡∏µ‡∏¢‡∏ß ‡∏Å‡∏Ç6,‡∏Ç‡πâ‡∏≤‡∏ß‡πÄ‡∏´‡∏ô‡∏µ‡∏¢‡∏ß‡∏û‡∏±‡∏ô‡∏ò‡∏∏‡πå_‡∏Å‡∏Ç6,lazada,‡∏¢‡πÇ‡∏™‡∏ò‡∏£,4376658751,1663196,0.0,40,30,0,25,40
www.lazada.co.th/products/61-87-96-1-kr9-i5096439610.html,‡∏û‡∏±‡∏ô‡∏ò‡∏∏‡πå‚Äã‡∏Ç‡πâ‡∏≤‡∏ß ‡∏ó‡∏î‡∏•‡∏≠‡∏á‡∏õ‡∏•‡∏π‡∏Å ‡∏Å‡∏Ç.61 ‡∏Ç‡πâ‡∏Ç‡πâ‡∏≤‡∏ß‡∏ô‡∏≤‡∏õ‡∏µ ‡∏ô‡∏≤‡∏õ‡∏£‡∏±‡∏á ‡πÑ‡∏°‡πà‡πÑ‡∏ß‡πÅ‡∏™‡∏á ‡∏≠‡∏≤‡∏¢‡∏∏ 87-96 ‡∏ß‡∏±‡∏ô ‡πÅ‡∏Ç‡πá‡∏á ‡∏ö‡∏£‡∏£‡∏à‡∏∏ 1 ‡∏Å‡∏Å. ‡∏û‡∏£‡πâ‡∏≠‡∏°‡∏õ‡∏•‡∏π‡∏Å ‡∏Ñ‡∏π‡∏•‡πÄ‡∏Å‡∏©‡∏ï‡∏£ KR9,‡∏Ç‡πâ‡∏≤‡∏ß‡πÄ‡∏´‡∏ô‡∏µ‡∏¢‡∏ß‡∏û‡∏±‡∏ô‡∏ò‡∏∏‡πå_‡∏Å‡∏Ç6,lazada,‡∏ô‡∏Ñ‡∏£‡∏™‡∏ß‡∏£‡∏£‡∏Ñ‡πå,5096439610,4648841,0.0,250,199,0,20,250
www.lazada.co.th/products/6-1-i5309420400.html,‡∏Ç‡πâ‡∏≤‡∏ß‡πÄ‡∏´‡∏ô‡∏µ‡∏¢‡∏ß‡∏Å‡∏Ç.6 ‡∏Ç‡∏ô‡∏≤‡∏î1 ‡∏Å‡∏¥‡πÇ‡∏•‡∏Å‡∏£‡∏±‡∏° (‡∏Ç‡πâ‡∏≤‡∏ß‡∏ï‡∏£‡∏≤‡πÉ‡∏ö‡∏Ç‡πâ‡∏≤‡∏ß),‡∏Ç‡πâ‡∏≤‡∏ß‡πÄ‡∏´‡∏ô‡∏µ‡∏¢‡∏ß‡∏û‡∏±‡∏ô‡∏ò‡∏∏‡πå_‡∏Å‡∏Ç6,lazada,‡πÄ‡∏ä‡∏µ‡∏¢‡∏á‡πÉ‡∏´‡∏°‡πà,5309420400,2820583,5.0,0,35,9,0,0
www.lazada.co.th/products/6-15-kg-i5283439564.html,‡∏Ç‡πâ‡∏≤‡∏ß‡πÄ‡∏´‡∏ô‡∏µ‡∏¢‡∏ß‡∏Å‡∏Ç.6 ‡∏ï‡∏£‡∏≤‡πÉ‡∏ö‡∏Ç‡πâ‡∏≤‡∏ß ‡∏Ç‡∏ô‡∏≤‡∏î 15 kg,‡∏Ç‡πâ‡∏≤‡∏ß‡πÄ‡∏´‡∏ô‡∏µ‡∏¢‡∏ß‡∏û‡∏±‡∏ô‡∏ò‡∏∏‡πå_‡∏Å‡∏Ç6,lazada,‡πÄ‡∏ä‡∏µ‡∏¢‡∏á‡πÉ‡∏´‡∏°‡πà,5283439564,2820583,5.0,0,490,4,0,0
www.lazada.co.th/products/6-1-kr27-i5123924569.html,‡∏û‡∏±‡∏ô‡∏ò‡∏∏‡πå‚Äã‡∏Ç‡πâ‡∏≤‡∏ß ‡∏ó‡∏î‡∏•‡∏≠‡∏á‡∏õ‡∏•‡∏π‡∏Å ‡∏Å‡∏Ç.6 ‡∏™‡∏π‡∏á ‡∏ô‡∏≤‡∏õ‡∏µ ‡πÑ‡∏ß‡πÅ‡∏™‡∏á ‡∏´‡∏≠‡∏°‡∏ô‡∏∏‡πà‡∏° ‡∏ó‡∏ô‡πÅ‡∏•‡πâ‡∏á ‡∏ú‡∏•‡∏ú‡∏•‡∏¥‡∏ï‡∏™‡∏π‡∏á ‡∏ö‡∏£‡∏£‡∏à‡∏∏ 1 ‡∏Å‡∏Å. ‡∏û‡∏£‡πâ‡∏≠‡∏°‡∏õ‡∏•‡∏π‡∏Å ‡∏Ñ‡∏π‡∏•‡πÄ‡∏Å‡∏©‡∏ï‡∏£ KR27,‡∏Ç‡πâ‡∏≤‡∏ß‡πÄ‡∏´‡∏ô‡∏µ‡∏¢‡∏ß‡∏û‡∏±‡∏ô‡∏ò‡∏∏‡πå_‡∏Å‡∏Ç6,lazada,‡∏ô‡∏Ñ‡∏£‡∏™‡∏ß‡∏£‡∏£‡∏Ñ‡πå,5123924569,4648841,0.0,270,199,0,26,270
www.lazada.co.th/products/61-61-61-25-i3729733325.html,‡πÄ‡∏°‡∏•‡πá‡∏î‡∏û‡∏±‡∏ô‡∏ò‡∏∏‡πå‡∏Ç‡πâ‡∏≤‡∏ß‡∏õ‡∏•‡∏π‡∏Å ‡∏Å‡∏Ç61 ‡∏Ç‡πâ‡∏≤‡∏ß‡∏õ‡∏•‡∏π‡∏Å ‡∏Å‡∏Ç61 ‡∏û‡∏±‡∏ô‡∏ò‡∏∏‡πå‡∏Ç‡πâ‡∏≤‡∏ß ‡∏Å‡∏Ç.61 ‡πÄ‡∏°‡∏•‡πá‡∏î‡∏û‡∏±‡∏ô‡∏ò‡∏∏‡πå‡∏û‡∏±‡∏ô‡∏ò‡∏∏‡πå‡∏Ç‡πâ‡∏≤‡∏ß ‡∏à‡∏≥‡∏ô‡∏ß‡∏ô 25 ‡∏Å‡∏¥‡πÇ‡∏•‡∏Å‡∏£‡∏±‡∏°,‡∏Ç‡πâ‡∏≤‡∏ß‡πÄ‡∏´‡∏ô‡∏µ‡∏¢‡∏ß‡∏û‡∏±‡∏ô‡∏ò‡∏∏‡πå_‡∏Å‡∏Ç6,lazada,‡∏Å‡∏£‡∏∏‡∏á‡πÄ‡∏ó‡∏û‡∏°‡∏´‡∏≤‡∏ô‡∏Ñ‡∏£,3729733325,279992,5.0,1500,1090,9,27,1365
www.lazada.co.th/products/61-61-61-125-i3729482981.html,‡∏û‡∏±‡∏ô‡∏ò‡∏∏‡πå‡∏Ç‡πâ‡∏≤‡∏ß‡∏õ‡∏•‡∏π‡∏Å ‡∏Å‡∏Ç61 ‡∏Ç‡πâ‡∏≤‡∏ß‡∏õ‡∏•‡∏π‡∏Å ‡∏Å‡∏Ç61 ‡∏û‡∏±‡∏ô‡∏ò‡∏∏‡πå‡∏Ç‡πâ‡∏≤‡∏ß ‡∏Å‡∏Ç.61 ‡πÄ‡∏°‡∏•‡πá‡∏î‡∏û‡∏±‡∏ô‡∏ò‡∏∏‡πå‡∏û‡∏±‡∏ô‡∏ò‡∏∏‡πå‡∏Ç‡πâ‡∏≤‡∏ß ‡∏à‡∏≥‡∏ô‡∏ß‡∏ô 12.5 ‡∏Å‡∏¥‡πÇ‡∏•‡∏Å‡∏£‡∏±‡∏°,‡∏Ç‡πâ‡∏≤‡∏ß‡πÄ‡∏´‡∏ô‡∏µ‡∏¢‡∏ß‡∏û‡∏±‡∏ô‡∏ò‡∏∏‡πå_‡∏Å‡∏Ç6,lazada,‡∏Å‡∏£‡∏∏‡∏á‡πÄ‡∏ó‡∏û‡∏°‡∏´‡∏≤‡∏ô‡∏Ñ‡∏£,3729482981,279992,0.0,1000,699,0,30,1000
www.lazada.co.th/products/6-18-59-5-i4632405600.html,‡πÄ‡∏°‡∏•‡πá‡∏î‡∏û‡∏±‡∏ô‡∏ò‡∏∏‡πå‡∏Ç‡πâ‡∏≤‡∏ß‡πÄ‡∏´‡∏ô‡∏µ‡∏¢‡∏ß ‡∏Å‡∏Ç6 ‡∏ï‡πâ‡∏ô‡πÄ‡∏ï‡∏µ‡πâ‡∏¢ ‡πÄ‡∏ö‡∏≠‡∏£‡πå 18 (‡∏ô‡πà‡∏≤‡∏ô59) ‡∏ö‡∏£‡∏£‡∏à‡∏∏ 5 ‡∏Å‡∏Å.‡∏û‡∏±‡∏ô‡∏ò‡∏∏‡πå‡∏Ç‡πâ‡∏≤‡∏ß‡πÄ‡∏´‡∏ô‡∏µ‡∏¢‡∏ß‡∏ô‡∏≤‡∏õ‡∏µ ‡∏õ‡∏•‡∏π‡∏Å‡πÄ‡∏≠‡∏á‡∏Ç‡∏≤‡∏¢‡πÄ‡∏≠‡∏á‡πÇ‡∏î‡∏¢‡∏ß‡∏¥‡∏ò‡∏µ‡∏ò‡∏£‡∏£‡∏°‡∏ä‡∏≤‡∏ï‡∏¥,‡∏Ç‡πâ‡∏≤‡∏ß‡πÄ‡∏´‡∏ô‡∏µ‡∏¢‡∏ß‡∏û‡∏±‡∏ô‡∏ò‡∏∏‡πå_‡∏Å‡∏Ç6,lazada,‡πÄ‡∏ä‡∏µ‡∏¢‡∏á‡∏£‡∏≤‡∏¢,4632405600,4267530,5.0,0,260,27,0,0
www.lazada.co.th/products/6-18-59-10-i4632388807.html,‡πÄ‡∏°‡∏•‡πá‡∏î‡∏û‡∏±‡∏ô‡∏ò‡∏∏‡πå‡∏Ç‡πâ‡∏≤‡∏ß‡πÄ‡∏´‡∏ô‡∏µ‡∏¢‡∏ß ‡∏Å‡∏Ç6 ‡∏ï‡πâ‡∏ô‡πÄ‡∏ï‡∏µ‡πâ‡∏¢ ‡πÄ‡∏ö‡∏≠‡∏£‡πå 18 (‡∏ô‡πà‡∏≤‡∏ô59) ‡∏ö‡∏£‡∏£‡∏à‡∏∏ 10 ‡∏Å‡∏Å.‡∏û‡∏±‡∏ô‡∏ò‡∏∏‡πå‡∏Ç‡πâ‡∏≤‡∏ß‡πÄ‡∏´‡∏ô‡∏µ‡∏¢‡∏ß‡∏ô‡∏≤‡∏õ‡∏µ ‡∏õ‡∏•‡∏π‡∏Å‡πÄ‡∏≠‡∏á‡∏Ç‡∏≤‡∏¢‡πÄ‡∏≠‡∏á‡πÇ‡∏î‡∏¢‡∏ß‡∏¥‡∏ò‡∏µ‡∏ò‡∏£‡∏£‡∏°‡∏ä‡∏≤‡∏ï‡∏¥,‡∏Ç‡πâ‡∏≤‡∏ß‡πÄ‡∏´‡∏ô‡∏µ‡∏¢‡∏ß‡∏û‡∏±‡∏ô‡∏ò‡∏∏‡πå_‡∏Å‡∏Ç6,lazada,‡πÄ‡∏ä‡∏µ‡∏¢‡∏á‡∏£‡∏≤‡∏¢,4632388807,4267530,4.5,0,480,78,0,0
www.lazada.co.th/products/59-6-18-10-kg-i4738566740.html,‡πÄ‡∏°‡∏•‡πá‡∏î‡∏û‡∏±‡∏ô‡∏ò‡∏∏‡πå‡∏Ç‡πâ‡∏≤‡∏ß‡πÄ‡∏´‡∏ô‡∏µ‡∏¢‡∏ß‡∏ô‡πà‡∏≤‡∏ô59 (‡∏Å‡∏Ç6 ‡∏ï‡πâ‡∏ô‡πÄ‡∏ï‡∏µ‡πâ‡∏¢ ‡πÄ‡∏ö‡∏≠‡∏£‡πå 18) ‡∏ö‡∏£‡∏£‡∏à‡∏∏ 10 Kg.‡∏û‡∏±‡∏ô‡∏ò‡∏∏‡πå‡∏Ç‡πâ‡∏≤‡∏ß‡πÄ‡∏´‡∏ô‡∏µ‡∏¢‡∏ß‡∏ô‡∏≤‡∏õ‡∏µ ‡∏õ‡∏•‡∏π‡∏Å‡πÄ‡∏≠‡∏á‡∏Ç‡∏≤‡∏¢‡πÄ‡∏≠‡∏á‡πÇ‡∏î‡∏¢‡∏ß‡∏¥‡∏ò‡∏µ‡∏ò‡∏£‡∏£‡∏°‡∏ä‡∏≤‡∏ï‡∏¥,‡∏Ç‡πâ‡∏≤‡∏ß‡πÄ‡∏´‡∏ô‡∏µ‡∏¢‡∏ß‡∏û‡∏±‡∏ô‡∏ò‡∏∏‡πå_‡∏Å‡∏Ç6,lazada,‡πÄ‡∏ä‡∏µ‡∏¢‡∏á‡∏£‡∏≤‡∏¢,4738566740,4323451,5.0,0,600,10,0,0
www.lazada.co.th/products/59-6-18-15-kg-i4738566703.html,‡πÄ‡∏°‡∏•‡πá‡∏î‡∏û‡∏±‡∏ô‡∏ò‡∏∏‡πå‡∏Ç‡πâ‡∏≤‡∏ß‡πÄ‡∏´‡∏ô‡∏µ‡∏¢‡∏ß‡∏ô‡πà‡∏≤‡∏ô59 (‡∏Å‡∏Ç6 ‡∏ï‡πâ‡∏ô‡πÄ‡∏ï‡∏µ‡πâ‡∏¢ ‡πÄ‡∏ö‡∏≠‡∏£‡πå 18) ‡∏ö‡∏£‡∏£‡∏à‡∏∏ 15 Kg.‡∏û‡∏±‡∏ô‡∏ò‡∏∏‡πå‡∏Ç‡πâ‡∏≤‡∏ß‡πÄ‡∏´‡∏ô‡∏µ‡∏¢‡∏ß‡∏ô‡∏≤‡∏õ‡∏µ ‡∏õ‡∏•‡∏π‡∏Å‡πÄ‡∏≠‡∏á‡∏Ç‡∏≤‡∏¢‡πÄ‡∏≠‡∏á‡πÇ‡∏î‡∏¢‡∏ß‡∏¥‡∏ò‡∏µ‡∏ò‡∏£‡∏£‡∏°‡∏ä‡∏≤‡∏ï‡∏¥,‡∏Ç‡πâ‡∏≤‡∏ß‡πÄ‡∏´‡∏ô‡∏µ‡∏¢‡∏ß‡∏û‡∏±‡∏ô‡∏ò‡∏∏‡πå_‡∏Å‡∏Ç6,lazada,‡πÄ‡∏ä‡∏µ‡∏¢‡∏á‡∏£‡∏≤‡∏¢,4738566703,4323451,5.0,0,825,15,0,0
www.lazada.co.th/products/6-18-59-15-i4632248953.html,‡πÄ‡∏°‡∏•‡πá‡∏î‡∏û‡∏±‡∏ô‡∏ò‡∏∏‡πå‡∏Ç‡πâ‡∏≤‡∏ß‡πÄ‡∏´‡∏ô‡∏µ‡∏¢‡∏ß ‡∏Å‡∏Ç6 ‡∏ï‡πâ‡∏ô‡πÄ‡∏ï‡∏µ‡πâ‡∏¢ ‡πÄ‡∏ö‡∏≠‡∏£‡πå 18 (‡∏ô‡πà‡∏≤‡∏ô59) ‡∏ö‡∏£‡∏£‡∏à‡∏∏ 15 ‡∏Å‡∏Å.‡∏û‡∏±‡∏ô‡∏ò‡∏∏‡πå‡∏Ç‡πâ‡∏≤‡∏ß‡πÄ‡∏´‡∏ô‡∏µ‡∏¢‡∏ß‡∏ô‡∏≤‡∏õ‡∏µ ‡∏õ‡∏•‡∏π‡∏Å‡πÄ‡∏≠‡∏á‡∏Ç‡∏≤‡∏¢‡πÄ‡∏≠‡∏á‡πÇ‡∏î‡∏¢‡∏ß‡∏¥‡∏ò‡∏µ‡∏ò‡∏£‡∏£‡∏°‡∏ä‡∏≤‡∏ï‡∏¥,‡∏Ç‡πâ‡∏≤‡∏ß‡πÄ‡∏´‡∏ô‡∏µ‡∏¢‡∏ß‡∏û‡∏±‡∏ô‡∏ò‡∏∏‡πå_‡∏Å‡∏Ç6,lazada,‡πÄ‡∏ä‡∏µ‡∏¢‡∏á‡∏£‡∏≤‡∏¢,4632248953,4267530,5.0,0,660,13,0,0
www.lazada.co.th/products/9-11-2566-6-i4832991069.html,‡∏Ç‡πâ‡∏≤‡∏ß‡πÄ‡∏´‡∏ô‡∏µ‡∏¢‡∏ß‡πÉ‡∏´‡∏°‡πà‡∏û‡∏∂‡πà‡∏á‡πÄ‡∏Å‡∏µ‡πà‡∏¢‡∏ß 9-11-2566 ‡∏Ç‡πâ‡∏≤‡∏ß‡πÄ‡∏´‡∏ô‡∏µ‡∏¢‡∏ß ‡∏Å‡∏Ç.6 ‡∏ó‡∏∏‡πà‡∏á‡∏Å‡∏∏‡∏•‡∏≤‡∏£‡πâ‡∏≠‡∏á‡πÑ‡∏´‡πâ‡∏£‡πâ‡∏≠‡∏¢‡πÄ‡∏≠‡πá‡∏î ‡∏´‡∏≠‡∏°‡∏ô‡∏∏‡πà‡∏° ‡∏≠‡∏≠‡∏£‡πå‡πÅ‡∏Å‡∏ô‡∏¥‡∏Ñ ‡∏ä‡∏≤‡∏ß‡∏ô‡∏≤‡∏õ‡∏•‡∏π‡∏Å‡πÄ‡∏≠‡∏á‡∏Ç‡∏≤‡∏¢‡πÄ‡∏≠‡∏á,‡∏Ç‡πâ‡∏≤‡∏ß‡πÄ‡∏´‡∏ô‡∏µ‡∏¢‡∏ß‡∏û‡∏±‡∏ô‡∏ò‡∏∏‡πå_‡∏Å‡∏Ç6,lazada,‡∏£‡πâ‡∏≠‡∏¢‡πÄ‡∏≠‡πá‡∏î,4832991069,4414948,4.8,89,30,207,66,-95.23
www.lazada.co.th/products/6-66-i5013203291.html,‡∏Ç‡πâ‡∏≤‡∏ß‡πÄ‡∏´‡∏ô‡∏µ‡∏¢‡∏ß (‡∏Å‡∏Ç.6 ‡∏™‡∏Å‡∏•‡∏ô‡∏Ñ‡∏£ ‡∏ú‡∏™‡∏°‡∏Ç‡πâ‡∏≤‡∏ß‡πÄ‡∏´‡∏ô‡∏µ‡∏¢‡∏ß‡∏´‡∏≠‡∏°‡∏ô‡∏¥‡∏•) ‡∏Ç‡πâ‡∏≤‡∏ß‡πÉ‡∏´‡∏°‡πà‡πÄ‡∏Å‡πá‡∏ö‡πÄ‡∏Å‡∏µ‡πà‡∏¢‡∏ß‡πÄ‡∏î‡∏∑‡∏≠‡∏ô ‡∏û.‡∏¢.‡∏õ‡∏µ66,‡∏Ç‡πâ‡∏≤‡∏ß‡πÄ‡∏´‡∏ô‡∏µ‡∏¢‡∏ß‡∏û‡∏±‡∏ô‡∏ò‡∏∏‡πå_‡∏Å‡∏Ç6,lazada,‡∏™‡∏Å‡∏•‡∏ô‡∏Ñ‡∏£,5013203291,3317441,5.0,0,69,38,0,0
www.lazada.co.th/products/61-25-kr9-i3942093446.html,‡∏û‡∏±‡∏ô‡∏ò‡∏∏‡πå‚Äã‡∏Ç‡πâ‡∏≤‡∏ß‡∏õ‡∏•‡∏π‡∏Å ‡∏Ç‡πâ‡∏≤‡∏ß‡πÄ‡∏à‡πâ‡∏≤‚Äã ‡∏Å‡∏Ç.61 ‡∏Ç‡πâ‡∏≤‡∏ß‡∏ô‡∏≤‡∏õ‡∏µ ‡∏ô‡∏≤‡∏õ‡∏£‡∏±‡∏á ‡∏Ç‡πâ‡∏≤‡∏ß‡πÄ‡∏ö‡∏≤‡∏≠‡∏≤‡∏¢‡∏∏‡∏™‡∏±‡πâ‡∏ô ‡∏ï‡πâ‡∏≤‡∏ô‡∏ó‡∏≤‡∏ô‡πÇ‡∏£‡∏Ñ ‡∏ö‡∏£‡∏£‡∏à‡∏∏ 25 ‡∏Å‡∏¥‡πÇ‡∏•‡∏Å‡∏£‡∏±‡∏° ‡∏Ñ‡∏π‡∏•‡πÄ‡∏Å‡∏©‡∏ï‡∏£ KR9,‡∏Ç‡πâ‡∏≤‡∏ß‡πÄ‡∏´‡∏ô‡∏µ‡∏¢‡∏ß‡∏û‡∏±‡∏ô‡∏ò‡∏∏‡πå_‡∏Å‡∏Ç6,lazada,‡∏ô‡∏Ñ‡∏£‡∏™‡∏ß‡∏£‡∏£‡∏Ñ‡πå,3942093446,2391776,5.0,1350,1150,13,15,1174.5
www.lazada.co.th/products/10-25-i4634371341.html,‡∏Å‡∏Ç10 ‡∏Ç‡πâ‡∏≤‡∏ß‡πÄ‡∏´‡∏ô‡∏µ‡∏¢‡∏ß ‡∏ö‡∏£‡∏£‡∏à‡∏∏ 25 ‡∏Å‡∏¥‡πÇ‡∏•‡∏Å‡∏£‡∏±‡∏°,‡∏Ç‡πâ‡∏≤‡∏ß‡∏û‡∏±‡∏ô‡∏ò‡∏∏‡πå_‡∏Å‡∏Ç-10,lazada,‡∏°‡∏´‡∏≤‡∏™‡∏≤‡∏£‡∏Ñ‡∏≤‡∏°,4634371341,4276267,5.0,0,650,6,0,0
www.lazada.co.th/products/100-1-i1476622178.html,‡πÑ‡∏Å‡πà‡πÅ‡∏à‡πâ ‡∏Ç‡πâ‡∏≤‡∏ß‡πÄ‡∏´‡∏ô‡∏µ‡∏¢‡∏ß ‡∏Ç‡πâ‡∏≤‡∏ß‡πÄ‡∏´‡∏ô‡∏µ‡∏¢‡∏ß‡πÄ‡∏Ç‡∏µ‡πâ‡∏¢‡∏ß‡∏á‡∏π ‡∏Ñ‡∏±‡∏î‡∏û‡∏¥‡πÄ‡∏®‡∏©100% 1 ‡∏Å‡∏¥‡πÇ‡∏•‡∏Å‡∏£‡∏±‡∏°,‡∏Ç‡πâ‡∏≤‡∏ß‡πÄ‡∏´‡∏ô‡∏µ‡∏¢‡∏ß‡πÄ‡∏Ç‡∏µ‡πâ‡∏¢‡∏ß‡∏á‡∏π,lazada,‡∏™‡∏°‡∏∏‡∏ó‡∏£‡∏õ‡∏£‡∏≤‡∏Å‡∏≤‡∏£,1476622178,1334041,5.0,0,49,190,0,0
www.lazada.co.th/products/5-i4176965479.html,‡∏Ç‡πâ‡∏≤‡∏ß‡πÄ‡∏´‡∏ô‡∏µ‡∏¢‡∏ß‡πÄ‡∏Ç‡∏µ‡πâ‡∏¢‡∏ß‡∏á‡∏π ‡∏Ç‡πâ‡∏≤‡∏ß‡∏™‡∏≤‡∏£ ‡∏ï‡∏£‡∏≤ ‡πÅ‡∏ï‡∏á‡πÇ‡∏° ‡∏Ç‡∏ô‡∏≤‡∏î 5 ‡∏Å‡∏Å,‡∏Ç‡πâ‡∏≤‡∏ß‡πÄ‡∏´‡∏ô‡∏µ‡∏¢‡∏ß‡πÄ‡∏Ç‡∏µ‡πâ‡∏¢‡∏ß‡∏á‡∏π,lazada,‡∏Å‡∏≤‡∏ç‡∏à‡∏ô‡∏ö‡∏∏‡∏£‡∏µ,4176965479,2395910,5.0,265,246,2500,7,-6360
www.lazada.co.th/products/5-x1-i2723385283.html,[‡∏™‡πà‡∏á‡∏ü‡∏£‡∏µ] ‡∏à‡∏±‡∏™‡∏°‡∏¥‡∏ô ‡∏Ç‡πâ‡∏≤‡∏ß‡πÄ‡∏´‡∏ô‡∏µ‡∏¢‡∏ß‡πÄ‡∏Ç‡∏µ‡πâ‡∏¢‡∏ß‡∏á‡∏π‡πÉ‡∏´‡∏°‡πà  ‡∏Ç‡∏ô‡∏≤‡∏î 5‡∏Å‡∏Å. x1‡∏ñ‡∏∏‡∏á,‡∏Ç‡πâ‡∏≤‡∏ß‡πÄ‡∏´‡∏ô‡∏µ‡∏¢‡∏ß‡πÄ‡∏Ç‡∏µ‡πâ‡∏¢‡∏ß‡∏á‡∏π,lazada,‡∏ô‡∏ô‡∏ó‡∏ö‡∏∏‡∏£‡∏µ,2723385283,378050,5.0,260,229,1300,12,-3120
www.lazada.co.th/products/-i5057123982.html,‡∏Ç‡πâ‡∏≤‡∏ß‡πÄ‡∏´‡∏ô‡∏µ‡∏¢‡∏ß‡πÄ‡∏Ç‡∏µ‡πâ‡∏¢‡∏ß‡∏á‡∏π ‡∏™‡∏±‡∏ô‡∏õ‡πà‡∏≤‡∏ï‡∏≠‡∏á (‡πÅ‡∏ö‡πà‡∏á‡∏Ç‡∏≤‡∏¢‡πÄ‡∏õ‡πá‡∏ô‡∏Å‡∏¥‡πÇ‡∏•‡∏Å‡∏£‡∏±‡∏°) ‡∏Ç‡∏≤‡∏ß ‡∏ô‡∏∏‡πà‡∏° ‡∏´‡∏≠‡∏° ‡∏ô‡πà‡∏≤‡∏£‡∏±‡∏ö‡∏õ‡∏£‡∏∞‡∏ó‡∏≤‡∏ô,‡∏Ç‡πâ‡∏≤‡∏ß‡πÄ‡∏´‡∏ô‡∏µ‡∏¢‡∏ß‡πÄ‡∏Ç‡∏µ‡πâ‡∏¢‡∏ß‡∏á‡∏π,lazada,‡∏Å‡∏≤‡∏ç‡∏à‡∏ô‡∏ö‡∏∏‡∏£‡∏µ,5057123982,4664230,5.0,37,35,31,5,25.53
www.lazada.co.th/products/2567-2566-sticky-rice-i4970464233.html,‡∏Ç‡πâ‡∏≤‡∏ß‡πÄ‡∏´‡∏ô‡∏µ‡∏¢‡∏ß‡πÄ‡∏Ç‡∏µ‡πâ‡∏¢‡∏ß‡∏á‡∏π ‡∏Ç‡πâ‡∏≤‡∏ß‡πÉ‡∏´‡∏°‡πà‡∏ô‡∏≤‡∏õ‡∏µ ‡∏§‡∏î‡∏π‡∏Å‡∏≤‡∏• 2567 (‡πÄ‡∏Å‡πá‡∏ö‡πÄ‡∏Å‡∏µ‡πà‡∏¢‡∏ß ‡∏û.‡∏¢ 2566) ‡∏Ç‡πâ‡∏≤‡∏ß ‡∏à.‡∏ö‡∏∏‡∏£‡∏µ‡∏£‡∏±‡∏°‡∏¢‡πå ‡∏ú‡∏•‡∏ú‡∏•‡∏¥‡∏ï‡∏à‡∏≤‡∏Å‡∏ä‡∏≤‡∏ß‡∏ô‡∏≤‡πÇ‡∏î‡∏¢‡∏ï‡∏£‡∏á / Sticky Rice,‡∏Ç‡πâ‡∏≤‡∏ß‡πÄ‡∏´‡∏ô‡∏µ‡∏¢‡∏ß‡πÄ‡∏Ç‡∏µ‡πâ‡∏¢‡∏ß‡∏á‡∏π,lazada,‡∏õ‡∏ó‡∏∏‡∏°‡∏ò‡∏≤‡∏ô‡∏µ,4970464233,2376618,5.0,0,25,533,0,0
www.lazada.co.th/products/5-x-2-i2723366430.html,[‡∏™‡πà‡∏á‡∏ü‡∏£‡∏µ] ‡∏à‡∏±‡∏™‡∏°‡∏¥‡∏ô ‡∏Ç‡πâ‡∏≤‡∏ß‡πÄ‡∏´‡∏ô‡∏µ‡∏¢‡∏ß‡πÄ‡∏Ç‡∏µ‡πâ‡∏¢‡∏ß‡∏á‡∏π‡πÉ‡∏´‡∏°‡πà ‡∏Ç‡∏ô‡∏≤‡∏î 5‡∏Å‡∏Å. x 2‡∏ñ‡∏∏‡∏á,‡∏Ç‡πâ‡∏≤‡∏ß‡πÄ‡∏´‡∏ô‡∏µ‡∏¢‡∏ß‡πÄ‡∏Ç‡∏µ‡πâ‡∏¢‡∏ß‡∏á‡∏π,lazada,‡∏ô‡∏ô‡∏ó‡∏ö‡∏∏‡∏£‡∏µ,2723366430,378050,5.0,520,429,486,18,-2007.2
www.lazada.co.th/products/14-i5240474888.html,‡∏Ç‡πâ‡∏≤‡∏ß‡πÄ‡∏´‡∏ô‡∏µ‡∏¢‡∏ß‡πÄ‡∏Ç‡∏µ‡πâ‡∏¢‡∏ß‡∏á‡∏π ‡∏Ç‡πâ‡∏≤‡∏ß‡∏™‡∏≤‡∏£ ‡∏ï‡∏£‡∏≤‡πÅ‡∏ï‡∏á‡πÇ‡∏° ‡∏Ç‡∏ô‡∏≤‡∏î 14 ‡∏Å‡∏Å.,‡∏Ç‡πâ‡∏≤‡∏ß‡πÄ‡∏´‡∏ô‡∏µ‡∏¢‡∏ß‡πÄ‡∏Ç‡∏µ‡πâ‡∏¢‡∏ß‡∏á‡∏π,lazada,‡∏Å‡∏≤‡∏ç‡∏à‡∏ô‡∏ö‡∏∏‡∏£‡∏µ,5240474888,2395910,4.9,720,666,61,8,280.8
www.lazada.co.th/products/250-500-1-i3901278795.html,üåæ !!!‡∏≠‡∏£‡πà‡∏≠‡∏¢ ‡∏ô‡∏∏‡πà‡∏° ‡πÄ‡∏´‡∏ô‡∏µ‡∏¢‡∏ß!! üåæ ‡∏Ç‡πâ‡∏≤‡∏ß‡πÄ‡∏´‡∏ô‡∏µ‡∏¢‡∏ß‡πÄ‡∏Ç‡∏µ‡πâ‡∏¢‡∏ß‡∏á‡∏π‡πÉ‡∏´‡∏°‡πà / ‡∏Ç‡πâ‡∏≤‡∏ß‡πÄ‡∏´‡∏ô‡∏µ‡∏¢‡∏ß‡πÄ‡∏Ç‡∏µ‡πâ‡∏¢‡∏ß‡∏á‡∏π‡πÄ‡∏Å‡πà‡∏≤ ‡∏Ç‡∏ô‡∏≤‡∏î 250 ‡∏Å‡∏£‡∏±‡∏° 500 ‡∏Å‡∏£‡∏±‡∏° ‡πÅ‡∏•‡∏∞ 1 ‡∏Å‡∏¥‡πÇ‡∏•‡∏Å‡∏£‡∏±‡∏°,‡∏Ç‡πâ‡∏≤‡∏ß‡πÄ‡∏´‡∏ô‡∏µ‡∏¢‡∏ß‡πÄ‡∏Ç‡∏µ‡πâ‡∏¢‡∏ß‡∏á‡∏π,lazada,‡∏Å‡∏£‡∏∏‡∏á‡πÄ‡∏ó‡∏û‡∏°‡∏´‡∏≤‡∏ô‡∏Ñ‡∏£,3901278795,3049158,5.0,50,39,144,22,-22
www.lazada.co.th/products/14x1-i2723343597.html,[‡∏™‡πà‡∏á‡∏ü‡∏£‡∏µ] ‡∏à‡∏±‡∏™‡∏°‡∏¥‡∏ô ‡∏Ç‡πâ‡∏≤‡∏ß‡πÄ‡∏´‡∏ô‡∏µ‡∏¢‡∏ß‡πÄ‡∏Ç‡∏µ‡πâ‡∏¢‡∏ß‡∏á‡∏π ‡∏Ç‡∏ô‡∏≤‡∏î 14‡∏Å‡∏Å.X1‡∏ñ‡∏∏‡∏á (‡∏Å‡∏£‡∏∞‡∏™‡∏≠‡∏ö),‡∏Ç‡πâ‡∏≤‡∏ß‡πÄ‡∏´‡∏ô‡∏µ‡∏¢‡∏ß‡πÄ‡∏Ç‡∏µ‡πâ‡∏¢‡∏ß‡∏á‡∏π,lazada,‡∏ô‡∏ô‡∏ó‡∏ö‡∏∏‡∏£‡∏µ,2723343597,378050,5.0,780,619,950,21,-6630
www.lazada.co.th/products/5x5-i5048450586.html,[‡∏™‡πà‡∏á‡∏ü‡∏£‡∏µ] ‡∏à‡∏±‡∏™‡∏°‡∏¥‡∏ô ‡∏Ç‡πâ‡∏≤‡∏ß‡πÄ‡∏´‡∏ô‡∏µ‡∏¢‡∏ß‡πÄ‡∏Ç‡∏µ‡πâ‡∏¢‡∏ß‡∏á‡∏π‡πÉ‡∏´‡∏°‡πà ‡∏Ç‡∏ô‡∏≤‡∏î 5‡∏Å‡∏Å.X5 ‡∏ñ‡∏∏‡∏á,‡∏Ç‡πâ‡∏≤‡∏ß‡πÄ‡∏´‡∏ô‡∏µ‡∏¢‡∏ß‡πÄ‡∏Ç‡∏µ‡πâ‡∏¢‡∏ß‡∏á‡∏π,lazada,‡∏ô‡∏ô‡∏ó‡∏ö‡∏∏‡∏£‡∏µ,5048450586,378050,5.0,1450,1029,148,29,-696
www.lazada.co.th/products/6-a-i5276365261.html,‡∏Ç‡πâ‡∏≤‡∏ß‡πÄ‡∏´‡∏ô‡∏µ‡∏¢‡∏ß‡πÄ‡∏Ç‡∏µ‡πâ‡∏¢‡∏ß‡∏á‡∏π‡∏Ñ‡∏±‡∏î‡∏û‡∏¥‡πÄ‡∏®‡∏© ‡∏Ç‡πâ‡∏≤‡∏ß‡πÄ‡∏´‡∏ô‡∏µ‡∏¢‡∏ß‡∏Å‡∏Ç6 ‡πÄ‡∏Å‡∏£‡∏îA ‡∏ô‡∏∏‡πà‡∏°‡∏ô‡∏ß‡∏•,‡∏Ç‡πâ‡∏≤‡∏ß‡πÄ‡∏´‡∏ô‡∏µ‡∏¢‡∏ß‡πÄ‡∏Ç‡∏µ‡πâ‡∏¢‡∏ß‡∏á‡∏π,lazada,‡∏ô‡∏ô‡∏ó‡∏ö‡∏∏‡∏£‡∏µ,5276365261,4774455,5.0,45,27,30,40,31.5
www.lazada.co.th/products/-i5023073827.html,‡∏Ç‡πâ‡∏≤‡∏ß‡πÄ‡∏´‡∏ô‡∏µ‡∏¢‡∏ß‡πÄ‡∏Ç‡∏µ‡πâ‡∏¢‡∏ß‡∏á‡∏π [‡∏ó‡∏≥‡∏Ç‡πâ‡∏≤‡∏ß‡πÄ‡∏´‡∏ô‡∏µ‡∏¢‡∏ß‡∏°‡∏π‡∏ô] ‡∏Ñ‡∏±‡∏î‡∏Ñ‡∏∏‡∏ì‡∏†‡∏≤‡∏û ‡πÄ‡∏´‡∏ô‡∏µ‡∏¢‡∏ß ‡∏ô‡∏∏‡πà‡∏° ‡πÑ‡∏°‡πà‡πÄ‡∏•‡∏∞ ‡∏°‡∏±‡∏ô‡∏ß‡∏≤‡∏ß,‡∏Ç‡πâ‡∏≤‡∏ß‡πÄ‡∏´‡∏ô‡∏µ‡∏¢‡∏ß‡πÄ‡∏Ç‡∏µ‡πâ‡∏¢‡∏ß‡∏á‡∏π,lazada,‡∏ô‡∏ô‡∏ó‡∏ö‡∏∏‡∏£‡∏µ,5023073827,2129245,5.0,0,34,232,0,0
www.lazada.co.th/products/1-1-i1077194663.html,‡∏Ç‡πâ‡∏≤‡∏ß‡πÅ‡∏™‡∏ô‡∏î‡∏µ ‡∏Ç‡πâ‡∏≤‡∏ß‡πÄ‡∏´‡∏ô‡∏µ‡∏¢‡∏ß‡πÄ‡∏Ç‡∏µ‡πâ‡∏¢‡∏ß‡∏á‡∏π 1 ‡∏Å‡∏Å. ‡∏à‡∏≥‡∏ô‡∏ß‡∏ô 1 ‡∏ñ‡∏∏‡∏á ‡∏Ç‡πâ‡∏≤‡∏ß‡πÄ‡∏´‡∏ô‡∏µ‡∏¢‡∏ß‡∏û‡∏±‡∏ô‡∏ò‡∏∏‡πå‡πÄ‡∏â‡∏û‡∏≤‡∏∞,‡∏Ç‡πâ‡∏≤‡∏ß‡πÄ‡∏´‡∏ô‡∏µ‡∏¢‡∏ß‡πÄ‡∏Ç‡∏µ‡πâ‡∏¢‡∏ß‡∏á‡∏π,lazada,‡∏Å‡∏£‡∏∏‡∏á‡πÄ‡∏ó‡∏û‡∏°‡∏´‡∏≤‡∏ô‡∏Ñ‡∏£,1077194663,1329467,5.0,85,62,142,27,-35.7
www.lazada.co.th/products/5-4-i1037588706.html,[‡∏™‡πà‡∏á‡∏ü‡∏£‡∏µ] ‡∏Ç‡πâ‡∏≤‡∏ß‡πÅ‡∏™‡∏ô‡∏î‡∏µ ‡∏Ç‡πâ‡∏≤‡∏ß‡πÄ‡∏´‡∏ô‡∏µ‡∏¢‡∏ß‡πÄ‡∏Ç‡∏µ‡πâ‡∏¢‡∏ß‡∏á‡∏π 5 ‡∏Å‡∏Å. ‡∏à‡∏≥‡∏ô‡∏ß‡∏ô 4 ‡∏ñ‡∏∏‡∏á ‡∏Ç‡πâ‡∏≤‡∏ß‡πÄ‡∏´‡∏ô‡∏µ‡∏¢‡∏ß‡∏û‡∏±‡∏ô‡∏ò‡∏∏‡πå‡πÄ‡∏â‡∏û‡∏≤‡∏∞,‡∏Ç‡πâ‡∏≤‡∏ß‡πÄ‡∏´‡∏ô‡∏µ‡∏¢‡∏ß‡πÄ‡∏Ç‡∏µ‡πâ‡∏¢‡∏ß‡∏á‡∏π,lazada,‡∏Å‡∏£‡∏∏‡∏á‡πÄ‡∏ó‡∏û‡∏°‡∏´‡∏≤‡∏ô‡∏Ñ‡∏£,1037588706,1329467,5.0,1200,965,269,20,-2028
www.lazada.co.th/products/glory-rice-1-i308994643.html,‡∏Ç‡πâ‡∏≤‡∏ß‡πÄ‡∏´‡∏ô‡∏µ‡∏¢‡∏ß‡πÄ‡∏Ç‡∏µ‡πâ‡∏¢‡∏ß‡∏á‡∏π‡πÄ‡∏ä‡∏µ‡∏¢‡∏á‡∏£‡∏≤‡∏¢ (‡πÉ‡∏´‡∏°‡πà) ‡∏ï‡∏£‡∏≤ Glory Rice ‡∏Ç‡∏ô‡∏≤‡∏î 1 ‡∏Å‡∏¥‡πÇ‡∏•‡∏Å‡∏£‡∏±‡∏°,‡∏Ç‡πâ‡∏≤‡∏ß‡πÄ‡∏´‡∏ô‡∏µ‡∏¢‡∏ß‡πÄ‡∏Ç‡∏µ‡πâ‡∏¢‡∏ß‡∏á‡∏π,lazada,‡∏Å‡∏£‡∏∏‡∏á‡πÄ‡∏ó‡∏û‡∏°‡∏´‡∏≤‡∏ô‡∏Ñ‡∏£,308994643,261964,4.9,90,69.99,516,22,-374.4
www.lazada.co.th/products/100-40-i2848704489.html,‡∏Ç‡πâ‡∏≤‡∏ß‡πÄ‡∏´‡∏ô‡∏µ‡∏¢‡∏ß‡πÄ‡∏Ç‡∏µ‡πâ‡∏¢‡∏ß‡∏á‡∏π‡πÉ‡∏´‡∏°‡πà100%‡∏ï‡∏£‡∏≤‡∏ä‡πâ‡∏≤‡∏á‡∏Ñ‡∏π‡πà‡∏û‡∏£‡∏∞‡∏à‡∏±‡∏ô‡∏ó‡∏£‡πå ‡∏à‡∏±‡∏á‡∏´‡∏ß‡∏±‡∏î‡πÄ‡∏ä‡∏µ‡∏¢‡∏á‡∏£‡∏≤‡∏¢ ‡∏ô‡πâ‡∏≥‡∏´‡∏ô‡∏±‡∏Å40‡∏Å‡∏Å.‡πÄ‡∏´‡∏ô‡∏µ‡∏¢‡∏ß‡∏ô‡∏∏‡πà‡∏° ‡∏´‡∏≠‡∏°‡∏Ç‡∏≤‡∏ß ‡∏ô‡πà‡∏≤‡∏£‡∏±‡∏ö‡∏õ‡∏£‡∏∞‡∏ó‡∏≤‡∏ô,‡∏Ç‡πâ‡∏≤‡∏ß‡πÄ‡∏´‡∏ô‡∏µ‡∏¢‡∏ß‡πÄ‡∏Ç‡∏µ‡πâ‡∏¢‡∏ß‡∏á‡∏π,lazada,‡∏ô‡∏ô‡∏ó‡∏ö‡∏∏‡∏£‡∏µ,2848704489,117921,5.0,0,1400,49,0,0
www.lazada.co.th/products/1-i4178064381.html,"‚ÄºÔ∏è‡πÉ‡∏´‡∏°‡πà ""‡∏Ç‡πâ‡∏≤‡∏ß‡πÄ‡∏´‡∏ô‡∏µ‡∏¢‡∏ß ‡πÄ‡∏Ç‡∏µ‡πâ‡∏¢‡∏ß‡∏á‡∏π‡∏Ñ‡∏±‡∏î‡∏û‡∏¥‡πÄ‡∏®‡∏© ‡∏ß‡∏£‡∏£‡∏ì‡∏†‡∏û""  ‡∏Ç‡πâ‡∏≤‡∏ß‡πÄ‡∏´‡∏ô‡∏µ‡∏¢‡∏ß‡πÄ‡∏Ç‡∏µ‡πâ‡∏¢‡∏ß‡∏á‡∏π‡∏Ñ‡∏±‡∏î‡∏û‡∏¥‡πÄ‡∏®‡∏© ‡∏Ç‡∏ô‡∏≤‡∏î 1 ‡∏Å‡∏Å.",‡∏Ç‡πâ‡∏≤‡∏ß‡πÄ‡∏´‡∏ô‡∏µ‡∏¢‡∏ß‡πÄ‡∏Ç‡∏µ‡πâ‡∏¢‡∏ß‡∏á‡∏π,lazada,‡∏ô‡∏ô‡∏ó‡∏ö‡∏∏‡∏£‡∏µ,4178064381,1045628,4.9,59,47,409,20,-182.31
www.lazada.co.th/products/1kg-i2430982868.html,‡∏Ç‡πâ‡∏≤‡∏ß‡πÄ‡∏´‡∏ô‡∏µ‡∏¢‡∏ß‡πÄ‡∏Ç‡∏µ‡πâ‡∏¢‡∏ß‡∏á‡∏π ‡∏ï‡∏£‡∏≤‡∏á‡∏π‡∏ô‡πâ‡∏≥‡πÄ‡∏á‡∏¥‡∏ô-1KG,‡∏Ç‡πâ‡∏≤‡∏ß‡πÄ‡∏´‡∏ô‡∏µ‡∏¢‡∏ß‡πÄ‡∏Ç‡∏µ‡πâ‡∏¢‡∏ß‡∏á‡∏π,lazada,‡∏Å‡∏£‡∏∏‡∏á‡πÄ‡∏ó‡∏û‡∏°‡∏´‡∏≤‡∏ô‡∏Ñ‡∏£,2430982868,2302177,4.9,0,75,400,0,0
www.lazada.co.th/products/1-x1-i2723262962.html,[‡∏™‡πà‡∏á‡∏ü‡∏£‡∏µ] ‡∏à‡∏±‡∏™‡∏°‡∏¥‡∏ô ‡∏Ç‡πâ‡∏≤‡∏ß‡πÄ‡∏´‡∏ô‡∏µ‡∏¢‡∏ß‡πÄ‡∏Ç‡∏µ‡πâ‡∏¢‡∏ß‡∏á‡∏π‡πÉ‡∏´‡∏°‡πà  ‡∏Ç‡∏ô‡∏≤‡∏î 1 ‡∏Å‡∏Å. X1‡∏ñ‡∏∏‡∏á,‡∏Ç‡πâ‡∏≤‡∏ß‡πÄ‡∏´‡∏ô‡∏µ‡∏¢‡∏ß‡πÄ‡∏Ç‡∏µ‡πâ‡∏¢‡∏ß‡∏á‡∏π,lazada,‡∏ô‡∏ô‡∏ó‡∏ö‡∏∏‡∏£‡∏µ,2723262962,378050,5.0,0,85,937,0,0
www.lazada.co.th/products/1-i4317045605.html,‡∏Ç‡πâ‡∏≤‡∏ß‡πÄ‡∏´‡∏ô‡∏µ‡∏¢‡∏ß‡πÄ‡∏Ç‡∏µ‡πâ‡∏¢‡∏ß‡∏á‡∏π ‡∏ï‡∏£‡∏≤‡∏á‡∏π‡∏ô‡πâ‡∏≥‡πÄ‡∏á‡∏¥‡∏ô ‡πÅ‡∏ó‡πâ‡∏à‡∏≤‡∏Å‡πÄ‡∏ä‡∏µ‡∏¢‡∏á‡∏£‡∏≤‡∏¢ **‡∏ï‡∏±‡∏Å‡πÅ‡∏ö‡πà‡∏á‡∏ö‡∏£‡∏£‡∏à‡∏∏ 1 ‡∏Å‡∏Å. ‡∏à‡∏≤‡∏Å‡∏Å‡∏£‡∏∞‡∏™‡∏≠‡∏ö‡πÉ‡∏ô‡∏£‡∏π‡∏õ** (‡∏•‡πá‡∏≠‡∏ï‡∏ô‡∏µ‡πâ‡πÄ‡∏õ‡πá‡∏ô‡∏Ç‡πâ‡∏≤‡∏ß‡πÄ‡∏Å‡πà‡∏≤),‡∏Ç‡πâ‡∏≤‡∏ß‡πÄ‡∏´‡∏ô‡∏µ‡∏¢‡∏ß‡πÄ‡∏Ç‡∏µ‡πâ‡∏¢‡∏ß‡∏á‡∏π,lazada,‡∏Å‡∏£‡∏∏‡∏á‡πÄ‡∏ó‡∏û‡∏°‡∏´‡∏≤‡∏ô‡∏Ñ‡∏£,4317045605,4011996,4.8,0,65,66,0,0
www.lazada.co.th/products/5-5-i4548769265.html,[‡∏™‡πà‡∏á‡∏ü‡∏£‡∏µ] ‡∏Ç‡πâ‡∏≤‡∏ß‡πÅ‡∏™‡∏ô‡∏î‡∏µ ‡∏Ç‡πâ‡∏≤‡∏ß‡πÄ‡∏´‡∏ô‡∏µ‡∏¢‡∏ß‡πÄ‡∏Ç‡∏µ‡πâ‡∏¢‡∏ß‡∏á‡∏π 5 ‡∏Å‡∏Å. ‡∏à‡∏≥‡∏ô‡∏ß‡∏ô 5 ‡∏ñ‡∏∏‡∏á ‡∏Ç‡πâ‡∏≤‡∏ß‡πÄ‡∏´‡∏ô‡∏µ‡∏¢‡∏ß‡∏û‡∏±‡∏ô‡∏ò‡∏∏‡πå‡πÄ‡∏â‡∏û‡∏≤‡∏∞,‡∏Ç‡πâ‡∏≤‡∏ß‡πÄ‡∏´‡∏ô‡∏µ‡∏¢‡∏ß‡πÄ‡∏Ç‡∏µ‡πâ‡∏¢‡∏ß‡∏á‡∏π,lazada,‡∏Å‡∏£‡∏∏‡∏á‡πÄ‡∏ó‡∏û‡∏°‡∏´‡∏≤‡∏ô‡∏Ñ‡∏£,4548769265,1329467,5.0,1500,1185,64,21,540
www.lazada.co.th/products/8974-gi-glory-rice-1-i3438390456.html,‡∏Ç‡πâ‡∏≤‡∏ß‡πÄ‡∏´‡∏ô‡∏µ‡∏¢‡∏ß‡πÄ‡∏Ç‡∏µ‡πâ‡∏¢‡∏ß‡∏á‡∏π‡πÄ‡∏ä‡∏µ‡∏¢‡∏á‡∏£‡∏≤‡∏¢ 8974 ‡∏≠‡∏≠‡∏£‡πå‡πÅ‡∏Å‡∏ô‡∏¥‡∏Å [GI] ‡∏Ç‡πâ‡∏≤‡∏ß‡πÄ‡∏´‡∏ô‡∏µ‡∏¢‡∏ß‡∏°‡∏∞‡∏°‡πà‡∏ß‡∏á ‡∏ï‡∏£‡∏≤ Glory Rice ‡∏Ç‡∏ô‡∏≤‡∏î 1 ‡∏Å‡∏¥‡πÇ‡∏•‡∏Å‡∏£‡∏±‡∏°,‡∏Ç‡πâ‡∏≤‡∏ß‡πÄ‡∏´‡∏ô‡∏µ‡∏¢‡∏ß‡πÄ‡∏Ç‡∏µ‡πâ‡∏¢‡∏ß‡∏á‡∏π,lazada,‡∏Å‡∏£‡∏∏‡∏á‡πÄ‡∏ó‡∏û‡∏°‡∏´‡∏≤‡∏ô‡∏Ñ‡∏£,3438390456,261964,5.0,180,145,154,19,-97.2
www.lazada.co.th/products/5-4-i3603568660.html,[‡∏™‡πà‡∏á‡∏ü‡∏£‡∏µ ‡∏°‡∏µ‡∏õ‡∏•‡∏≤‡∏¢‡∏ó‡∏≤‡∏á] ‡∏Ç‡πâ‡∏≤‡∏ß‡∏ï‡∏£‡∏≤‡∏Å‡∏¥‡∏ô‡∏£‡∏µ ‡∏Ç‡πâ‡∏≤‡∏ß‡πÄ‡∏´‡∏ô‡∏µ‡∏¢‡∏ß‡πÄ‡∏Ç‡∏µ‡πâ‡∏¢‡∏ß‡∏á‡∏π ‡∏Ç‡∏ô‡∏≤‡∏î 5 ‡∏Å‡∏¥‡πÇ‡∏•‡∏Å‡∏£‡∏±‡∏° [‡πÅ‡∏û‡πá‡∏Å 4 ‡∏ñ‡∏∏‡∏á],‡∏Ç‡πâ‡∏≤‡∏ß‡πÄ‡∏´‡∏ô‡∏µ‡∏¢‡∏ß‡πÄ‡∏Ç‡∏µ‡πâ‡∏¢‡∏ß‡∏á‡∏π,lazada,‡∏™‡∏∏‡∏û‡∏£‡∏£‡∏ì‡∏ö‡∏∏‡∏£‡∏µ,3603568660,1962504,5.0,1287,1019,44,21,720.72
www.lazada.co.th/products/500-i2042254856.html,(‡∏Ç‡πâ‡∏≤‡∏ß‡πÉ‡∏´‡∏°‡πà) ‡∏Ç‡πâ‡∏≤‡∏ß‡πÄ‡∏´‡∏ô‡∏µ‡∏¢‡∏ß‡πÄ‡∏Ç‡∏µ‡πâ‡∏¢‡∏ß‡∏á‡∏π ‡∏´‡∏≠‡∏° ‡∏ô‡∏∏‡πà‡∏° ‡∏≠‡∏£‡πà‡∏≠‡∏¢  ‡∏ö‡∏£‡∏£‡∏à‡∏∏ 500 ‡∏Å‡∏£‡∏±‡∏°,‡∏Ç‡πâ‡∏≤‡∏ß‡πÄ‡∏´‡∏ô‡∏µ‡∏¢‡∏ß‡πÄ‡∏Ç‡∏µ‡πâ‡∏¢‡∏ß‡∏á‡∏π,lazada,‡∏¢‡πÇ‡∏™‡∏ò‡∏£,2042254856,2073680,4.8,39,24,951,38,-331.89
www.lazada.co.th/products/100-1kg-i552956406.html,‡∏Ç‡πâ‡∏≤‡∏ß‡πÄ‡∏´‡∏ô‡∏µ‡∏¢‡∏ß‡πÄ‡∏Ç‡∏µ‡πâ‡∏¢‡∏ß‡∏á‡∏π ‡∏Ç‡πâ‡∏≤‡∏ß‡πÄ‡∏´‡∏ô‡∏µ‡∏¢‡∏ß‡∏á‡∏π 100%‡∏≠‡∏¢‡πà‡∏≤‡∏á‡∏î‡∏µ‡∏£‡∏∏‡πà‡∏ô‡∏°‡∏µ‡∏õ‡πâ‡∏≤‡∏¢‡πÄ‡∏´‡∏•‡πá‡∏Å‡∏Å‡∏±‡∏ô‡∏Ç‡∏≠‡∏á‡∏õ‡∏•‡∏≠‡∏° 1kg ‡∏¢‡∏Å‡∏Å‡∏£‡∏∞‡∏™‡∏≠‡∏ö‡πÇ‡∏ó‡∏£,‡∏Ç‡πâ‡∏≤‡∏ß‡πÄ‡∏´‡∏ô‡∏µ‡∏¢‡∏ß‡πÄ‡∏Ç‡∏µ‡πâ‡∏¢‡∏ß‡∏á‡∏π,lazada,‡∏Å‡∏£‡∏∏‡∏á‡πÄ‡∏ó‡∏û‡∏°‡∏´‡∏≤‡∏ô‡∏Ñ‡∏£,552956406,362104,4.8,0,52,167,0,0
www.lazada.co.th/products/1-2-i1077250112.html,‡∏Ç‡πâ‡∏≤‡∏ß‡πÅ‡∏™‡∏ô‡∏î‡∏µ ‡∏Ç‡πâ‡∏≤‡∏ß‡πÄ‡∏´‡∏ô‡∏µ‡∏¢‡∏ß‡πÄ‡∏Ç‡∏µ‡πâ‡∏¢‡∏ß‡∏á‡∏π 1 ‡∏Å‡∏Å. ‡∏à‡∏≥‡∏ô‡∏ß‡∏ô 2 ‡∏ñ‡∏∏‡∏á ‡∏Ç‡πâ‡∏≤‡∏ß‡πÄ‡∏´‡∏ô‡∏µ‡∏¢‡∏ß‡∏û‡∏±‡∏ô‡∏ò‡∏∏‡πå‡πÄ‡∏â‡∏û‡∏≤‡∏∞,‡∏Ç‡πâ‡∏≤‡∏ß‡πÄ‡∏´‡∏ô‡∏µ‡∏¢‡∏ß‡πÄ‡∏Ç‡∏µ‡πâ‡∏¢‡∏ß‡∏á‡∏π,lazada,‡∏Å‡∏£‡∏∏‡∏á‡πÄ‡∏ó‡∏û‡∏°‡∏´‡∏≤‡∏ô‡∏Ñ‡∏£,1077250112,1329467,5.0,170,120,72,29,47.6
www.lazada.co.th/products/glory-rice-i3438439860.html,‡∏Ç‡πâ‡∏≤‡∏ß‡πÄ‡∏´‡∏ô‡∏µ‡∏¢‡∏ß‡πÄ‡∏Ç‡∏µ‡πâ‡∏¢‡∏ß‡∏á‡∏π‡πÄ‡∏ä‡∏µ‡∏¢‡∏á‡∏£‡∏≤‡∏¢ (‡πÉ‡∏´‡∏°‡πà) ‡∏Ç‡πâ‡∏≤‡∏ß‡πÄ‡∏´‡∏ô‡∏µ‡∏¢‡∏ß ‡πÉ‡∏´‡∏°‡πà ‡∏ï‡πâ‡∏ô‡∏§‡∏î‡∏π ‡πÄ‡∏Å‡∏£‡∏î‡∏û‡∏£‡∏µ‡πÄ‡∏°‡∏µ‡πà‡∏¢‡∏° ‡πÄ‡∏Å‡∏£‡∏î‡∏™‡πà‡∏á‡∏≠‡∏≠‡∏Å ‡∏ï‡∏£‡∏≤ Glory Rice,‡∏Ç‡πâ‡∏≤‡∏ß‡πÄ‡∏´‡∏ô‡∏µ‡∏¢‡∏ß‡πÄ‡∏Ç‡∏µ‡πâ‡∏¢‡∏ß‡∏á‡∏π,lazada,‡∏Å‡∏£‡∏∏‡∏á‡πÄ‡∏ó‡∏û‡∏°‡∏´‡∏≤‡∏ô‡∏Ñ‡∏£,3438439860,261964,5.0,35,29.99,1600,14,-525
www.lazada.co.th/products/glory-rice-250-500-1-i3438413585.html,‡∏Ç‡πâ‡∏≤‡∏ß‡πÄ‡∏´‡∏ô‡∏µ‡∏¢‡∏ß‡πÄ‡∏Ç‡∏µ‡πâ‡∏¢‡∏ß‡∏á‡∏π‡πÄ‡∏ä‡∏µ‡∏¢‡∏á‡∏£‡∏≤‡∏¢ (‡πÄ‡∏Å‡πà‡∏≤) ‡∏Ç‡πâ‡∏≤‡∏ß‡πÄ‡∏´‡∏ô‡∏µ‡∏¢‡∏ß‡πÄ‡∏Å‡πà‡∏≤ ‡∏ó‡∏≥‡∏Ç‡πâ‡∏≤‡∏ß‡πÄ‡∏´‡∏ô‡∏µ‡∏¢‡∏ß‡∏°‡∏π‡∏ô  ‡∏ï‡∏£‡∏≤ Glory Rice ‡∏Ç‡∏ô‡∏≤‡∏î 250 ‡∏Å‡∏£‡∏±‡∏° 500 ‡∏Å‡∏£‡∏±‡∏° ‡πÅ‡∏•‡∏∞ 1 ‡∏Å‡∏¥‡πÇ‡∏•‡∏Å‡∏£‡∏±‡∏°,‡∏Ç‡πâ‡∏≤‡∏ß‡πÄ‡∏´‡∏ô‡∏µ‡∏¢‡∏ß‡πÄ‡∏Ç‡∏µ‡πâ‡∏¢‡∏ß‡∏á‡∏π,lazada,‡∏Å‡∏£‡∏∏‡∏á‡πÄ‡∏ó‡∏û‡∏°‡∏´‡∏≤‡∏ô‡∏Ñ‡∏£,3438413585,261964,5.0,40,29.99,998,25,-359.2
www.lazada.co.th/products/100-15-i1943980357.html,‡∏Ç‡πâ‡∏≤‡∏ß‡πÄ‡∏´‡∏ô‡∏µ‡∏¢‡∏ß‡πÄ‡∏Ç‡∏µ‡πâ‡∏¢‡∏ß‡∏á‡∏π‡πÉ‡∏´‡∏°‡πà100%‡∏ï‡∏£‡∏≤‡∏ä‡πâ‡∏≤‡∏á‡∏Ñ‡∏π‡πà‡∏û‡∏£‡∏∞‡∏à‡∏±‡∏ô‡∏ó‡∏£‡πå ‡∏à‡∏±‡∏á‡∏´‡∏ß‡∏±‡∏î‡πÄ‡∏ä‡∏µ‡∏¢‡∏á‡∏£‡∏≤‡∏¢ ‡∏ô‡πâ‡∏≥‡∏´‡∏ô‡∏±‡∏Å15‡∏Å‡∏Å.‡πÄ‡∏´‡∏ô‡∏µ‡∏¢‡∏ß‡∏ô‡∏∏‡πà‡∏° ‡∏´‡∏≠‡∏°‡∏Ç‡∏≤‡∏ß ‡∏ô‡πà‡∏≤‡∏£‡∏±‡∏ö‡∏õ‡∏£‡∏∞‡∏ó‡∏≤‡∏ô,‡∏Ç‡πâ‡∏≤‡∏ß‡πÄ‡∏´‡∏ô‡∏µ‡∏¢‡∏ß‡πÄ‡∏Ç‡∏µ‡πâ‡∏¢‡∏ß‡∏á‡∏π,lazada,‡∏ô‡∏ô‡∏ó‡∏ö‡∏∏‡∏£‡∏µ,1943980357,117921,5.0,0,540,179,0,0
www.lazada.co.th/products/100-15-i2561175817.html,‡∏Ç‡πâ‡∏≤‡∏ß‡πÄ‡∏´‡∏ô‡∏µ‡∏¢‡∏ß‡πÄ‡∏Ç‡∏µ‡πâ‡∏¢‡∏ß‡∏á‡∏π‡πÉ‡∏´‡∏°‡πà100%‡∏ï‡∏£‡∏≤‡∏™‡∏¥‡∏á‡∏´‡πå‡∏™‡∏¢‡∏≤‡∏° ‡∏à‡∏±‡∏á‡∏´‡∏ß‡∏±‡∏î‡πÄ‡∏ä‡∏µ‡∏¢‡∏á‡∏£‡∏≤‡∏¢ ‡∏ô‡πâ‡∏≥‡∏´‡∏ô‡∏±‡∏Å15‡∏Å‡∏Å.‡πÄ‡∏´‡∏ô‡∏µ‡∏¢‡∏ß‡∏ô‡∏∏‡πà‡∏° ‡∏´‡∏≠‡∏°‡∏ó‡∏≤‡∏ô‡∏≠‡∏£‡πà‡∏≠‡∏¢,‡∏Ç‡πâ‡∏≤‡∏ß‡πÄ‡∏´‡∏ô‡∏µ‡∏¢‡∏ß‡πÄ‡∏Ç‡∏µ‡πâ‡∏¢‡∏ß‡∏á‡∏π,lazada,‡∏ô‡∏ô‡∏ó‡∏ö‡∏∏‡∏£‡∏µ,2561175817,117921,5.0,0,550,220,0,0
www.lazada.co.th/products/1-honey-snp-shop-i4376896965.html,‡∏Ç‡πâ‡∏≤‡∏ß‡πÄ‡∏´‡∏ô‡∏µ‡∏¢‡∏ß‡πÄ‡∏Ç‡∏µ‡πâ‡∏¢‡∏ß‡∏á‡∏π‡πÉ‡∏´‡∏°‡πà 1 ‡∏Å‡∏Å. ‡∏Ç‡πâ‡∏≤‡∏ß‡πÄ‡∏´‡∏ô‡∏µ‡∏¢‡∏ß‡πÉ‡∏´‡∏°‡πà ‡∏Ç‡πâ‡∏≤‡∏ß‡πÄ‡∏´‡∏ô‡∏µ‡∏¢‡∏ß‡∏á‡∏π ‡∏Ç‡πâ‡∏≤‡∏ß‡πÄ‡∏´‡∏ô‡∏µ‡∏¢‡∏ß ‡∏Ñ‡∏±‡∏î‡∏û‡∏¥‡πÄ‡∏®‡∏© ‡∏™‡∏∞‡∏≠‡∏≤‡∏î ‡∏´‡∏≠‡∏° ‡∏ô‡∏∏‡πà‡∏° ‡∏™‡∏¥‡∏ô‡∏Ñ‡πâ‡∏≤‡∏Ñ‡∏∏‡∏ì‡∏†‡∏≤‡∏û ‡∏û‡∏£‡πâ‡∏≠‡∏°‡∏™‡πà‡∏á - Honey SNP Shop,‡∏Ç‡πâ‡∏≤‡∏ß‡πÄ‡∏´‡∏ô‡∏µ‡∏¢‡∏ß‡πÄ‡∏Ç‡∏µ‡πâ‡∏¢‡∏ß‡∏á‡∏π,lazada,‡πÄ‡∏•‡∏¢,4376896965,4064541,5.0,50,35,21,30,39.5
www.lazada.co.th/products/5-kg-i5246952102.html,‡∏Ç‡πâ‡∏≤‡∏ß‡πÄ‡∏´‡∏ô‡∏µ‡∏¢‡∏ß‡πÄ‡∏Ç‡∏µ‡πâ‡∏¢‡∏ß‡∏á‡∏π ‡∏ï‡∏£‡∏≤‡∏à‡∏±‡∏™‡∏°‡∏¥‡∏ô 5 kg,‡∏Ç‡πâ‡∏≤‡∏ß‡πÄ‡∏´‡∏ô‡∏µ‡∏¢‡∏ß‡πÄ‡∏Ç‡∏µ‡πâ‡∏¢‡∏ß‡∏á‡∏π,lazada,‡πÄ‡∏•‡∏¢,5246952102,4750747,5.0,295,242,13,18,256.65
www.lazada.co.th/products/1-i3807080580.html,‡∏Ç‡πâ‡∏≤‡∏ß‡πÄ‡∏´‡∏ô‡∏µ‡∏¢‡∏ß‡πÄ‡∏Ç‡∏µ‡πâ‡∏¢‡∏ß‡∏á‡∏π 1‡∏Å‡∏¥‡πÇ‡∏• ‡∏Ç‡πâ‡∏≤‡∏ß‡πÉ‡∏´‡∏°‡πà/‡∏Ç‡πâ‡∏≤‡∏ß‡πÄ‡∏Å‡πà‡∏≤,‡∏Ç‡πâ‡∏≤‡∏ß‡πÄ‡∏´‡∏ô‡∏µ‡∏¢‡∏ß‡πÄ‡∏Ç‡∏µ‡πâ‡∏¢‡∏ß‡∏á‡∏π,lazada,‡∏õ‡∏ó‡∏∏‡∏°‡∏ò‡∏≤‡∏ô‡∏µ,3807080580,1945863,5.0,0,55,122,0,0
www.lazada.co.th/products/15-new-sticky-rice-hom-thai-brand-pink-15kg-i648694410.html,"‡∏Ç‡πâ‡∏≤‡∏ß‡πÄ‡∏´‡∏ô‡∏µ‡∏¢‡∏ß‡πÄ‡∏Ç‡∏µ‡πâ‡∏¢‡∏ß‡∏á‡∏π(‡πÉ‡∏´‡∏°‡πà) 15‡∏Å‡∏Å. ‡∏ï‡∏£‡∏≤‡∏´‡∏≠‡∏°‡πÑ‡∏ó‡∏¢(‡∏ä‡∏°‡∏û‡∏π)/(New Sticky Rice, Hom Thai brand (Pink) 15kg.",‡∏Ç‡πâ‡∏≤‡∏ß‡πÄ‡∏´‡∏ô‡∏µ‡∏¢‡∏ß‡πÄ‡∏Ç‡∏µ‡πâ‡∏¢‡∏ß‡∏á‡∏π,lazada,‡∏ô‡∏Ñ‡∏£‡∏™‡∏ß‡∏£‡∏£‡∏Ñ‡πå,648694410,253828,4.8,550,535,167,3,-368.5
www.lazada.co.th/products/5-i5242179929.html,‡∏Ç‡πâ‡∏≤‡∏ß‡πÄ‡∏´‡∏ô‡∏µ‡∏¢‡∏ß‡πÄ‡∏Ç‡∏µ‡πâ‡∏¢‡∏ß‡∏á‡∏π ‡∏ï‡∏£‡∏≤‡πÅ‡∏ï‡∏á‡πÇ‡∏° ‡∏Ç‡∏ô‡∏≤‡∏î 5 ‡∏Å‡∏Å.,‡∏Ç‡πâ‡∏≤‡∏ß‡πÄ‡∏´‡∏ô‡∏µ‡∏¢‡∏ß‡πÄ‡∏Ç‡∏µ‡πâ‡∏¢‡∏ß‡∏á‡∏π,lazada,‡∏Å‡∏≤‡∏ç‡∏à‡∏ô‡∏ö‡∏∏‡∏£‡∏µ,5242179929,4216443,5.0,265,246,29,7,188.15
www.lazada.co.th/products/5-i1444174845.html,‡∏Ç‡πâ‡∏≤‡∏ß‡∏ï‡∏£‡∏≤‡πÑ‡∏Å‡πà‡πÅ‡∏à‡πâ ‡∏Ç‡πâ‡∏≤‡∏ß‡πÄ‡∏´‡∏ô‡∏µ‡∏¢‡∏ß‡πÄ‡∏Ç‡∏µ‡πâ‡∏¢‡∏ß‡∏á‡∏π  ‡∏Ç‡∏ô‡∏≤‡∏î 5 ‡∏Å‡∏¥‡πÇ‡∏•‡∏Å‡∏£‡∏±‡∏° ‡∏´‡∏ô‡πâ‡∏≤‡∏ù‡∏ô,‡∏Ç‡πâ‡∏≤‡∏ß‡πÄ‡∏´‡∏ô‡∏µ‡∏¢‡∏ß‡πÄ‡∏Ç‡∏µ‡πâ‡∏¢‡∏ß‡∏á‡∏π,lazada,‡∏ä‡∏•‡∏ö‡∏∏‡∏£‡∏µ,1444174845,1741617,4.9,0,255,679,0,0
www.lazada.co.th/products/15-i3788778857.html,‡∏™‡πà‡∏á‡∏ü‡∏£‡∏µ ‡∏Ç‡πâ‡∏≤‡∏ß‡πÄ‡∏´‡∏ô‡∏µ‡∏¢‡∏ß‡πÄ‡∏Ç‡∏µ‡πâ‡∏¢‡∏ß‡∏á‡∏π‡πÉ‡∏´‡∏°‡πà‚Äù ‡∏Å ‡πÑ‡∏Å‡πà ‚Äù‡∏ñ‡∏∏‡∏á15‡πÇ‡∏•,‡∏Ç‡πâ‡∏≤‡∏ß‡πÄ‡∏´‡∏ô‡∏µ‡∏¢‡∏ß‡πÄ‡∏Ç‡∏µ‡πâ‡∏¢‡∏ß‡∏á‡∏π,lazada,‡∏ô‡∏ô‡∏ó‡∏ö‡∏∏‡∏£‡∏µ,3788778857,282328,4.9,720,688,273,4,-1245.6
www.lazada.co.th/products/5-i901920213.html,‡∏™‡πà‡∏á‡∏ü‡∏£‡∏µ ‡∏Ç‡πâ‡∏≤‡∏ß‡πÄ‡∏´‡∏ô‡∏µ‡∏¢‡∏ß‡πÄ‡∏Ç‡∏µ‡πâ‡∏¢‡∏ß‡∏á‡∏π‡πÅ‡∏ó‡πâ ‡∏ï‡∏£‡∏≤‡∏á‡∏π‡∏ô‡∏≥‡πâ‡πÄ‡∏á‡∏¥‡∏ô ‡∏Ç‡∏ô‡∏≤‡∏î‡∏ñ‡∏∏‡∏á5‡πÇ‡∏•‡∏ï‡∏±‡∏Å‡πÅ‡∏ö‡πà‡∏á‡∏Ç‡∏≤‡∏¢,‡∏Ç‡πâ‡∏≤‡∏ß‡πÄ‡∏´‡∏ô‡∏µ‡∏¢‡∏ß‡πÄ‡∏Ç‡∏µ‡πâ‡∏¢‡∏ß‡∏á‡∏π,lazada,‡∏ô‡∏ô‡∏ó‡∏ö‡∏∏‡∏£‡∏µ,901920213,282328,4.9,368,338,181,8,-298.08
www.lazada.co.th/products/100-i4961724383.html,‡πÉ‡∏´‡∏°‡πà**‡∏Ç‡πâ‡∏≤‡∏ß‡πÄ‡∏´‡∏ô‡∏µ‡∏¢‡∏ß‡πÄ‡∏Ç‡∏µ‡πâ‡∏¢‡∏ß‡∏á‡∏π‡∏Ç‡πâ‡∏≤‡∏ß‡πÉ‡∏´‡∏°‡πà ‡∏Å‡∏≤‡∏¨‡∏™‡∏¥‡∏ô‡∏ò‡∏∏‡πå‡πÅ‡∏ó‡πâ 100% ‡∏ï‡∏£‡∏≤‡∏ä‡πâ‡∏≤‡∏á‡∏Ñ‡∏π‡πà ‡πÄ‡∏ï‡πá‡∏°‡πÄ‡∏°‡∏•‡πá‡∏î ‡∏ñ‡∏π‡∏Å‡∏™‡∏∏‡∏î‡πÜ‡πÜ ‡∏Å‡∏≤‡∏£‡∏±‡∏ô‡∏ï‡∏µ‡∏Ñ‡∏ß‡∏≤‡∏°‡∏ô‡∏∏‡πà‡∏° ‡πÄ‡∏´‡∏ô‡∏µ‡∏¢‡∏ß‡∏ô‡∏∏‡πà‡∏°‡∏≠‡∏£‡πà‡∏≠‡∏¢‡∏ñ‡∏π‡∏Å‡∏´‡∏•‡∏±‡∏Å‡∏≠‡∏ô‡∏≤‡∏°‡∏±‡∏¢ ‡πÄ‡∏°‡∏•‡πá‡∏î‡∏™‡∏µ‡∏Ç‡∏≤‡∏ß‡∏ô‡πà‡∏≤‡∏ó‡∏≤‡∏ô*,‡∏Ç‡πâ‡∏≤‡∏ß‡πÄ‡∏´‡∏ô‡∏µ‡∏¢‡∏ß‡πÄ‡∏Ç‡∏µ‡πâ‡∏¢‡∏ß‡∏á‡∏π,lazada,‡∏à‡∏±‡∏ô‡∏ó‡∏ö‡∏∏‡∏£‡∏µ,4961724383,1056042,5.0,250,199,9,20,227.5
www.lazada.co.th/products/40-i4838887837.html,‡∏Ç‡πâ‡∏≤‡∏ß‡πÄ‡∏´‡∏ô‡∏µ‡∏¢‡∏ß‡πÄ‡∏Ç‡∏µ‡πâ‡∏¢‡∏ß‡∏á‡∏π ‡∏ï‡∏£‡∏≤‡πÅ‡∏°‡πà‡∏®‡∏£‡∏µ‡πÄ‡∏£‡∏∑‡∏≠‡∏ô 40 ‡∏Å‡∏Å,‡∏Ç‡πâ‡∏≤‡∏ß‡πÄ‡∏´‡∏ô‡∏µ‡∏¢‡∏ß‡πÄ‡∏Ç‡∏µ‡πâ‡∏¢‡∏ß‡∏á‡∏π,lazada,‡∏™‡∏∏‡∏£‡∏≤‡∏©‡∏é‡∏£‡πå‡∏ò‡∏≤‡∏ô‡∏µ,4838887837,4445010,5.0,0,1550,11,0,0
www.lazada.co.th/products/-i4835339167.html,‡∏Ç‡πâ‡∏≤‡∏ß‡πÄ‡∏´‡∏ô‡∏µ‡∏¢‡∏ß‡πÄ‡∏Ç‡∏µ‡πâ‡∏¢‡∏ß‡∏á‡∏π‡∏ï‡∏£‡∏≤‡∏Å‡∏±‡∏á‡∏´‡∏±‡∏ô,‡∏Ç‡πâ‡∏≤‡∏ß‡πÄ‡∏´‡∏ô‡∏µ‡∏¢‡∏ß‡πÄ‡∏Ç‡∏µ‡πâ‡∏¢‡∏ß‡∏á‡∏π,lazada,‡∏™‡∏∏‡∏£‡∏≤‡∏©‡∏é‡∏£‡πå‡∏ò‡∏≤‡∏ô‡∏µ,4835339167,4445010,5.0,0,1530,18,0,0
www.lazada.co.th/products/5-x-4-i2723391315.html,[‡∏™‡πà‡∏á‡∏ü‡∏£‡∏µ] ‡∏à‡∏±‡∏™‡∏°‡∏¥‡∏ô ‡∏Ç‡πâ‡∏≤‡∏ß‡πÄ‡∏´‡∏ô‡∏µ‡∏¢‡∏ß‡πÄ‡∏Ç‡∏µ‡πâ‡∏¢‡∏ß‡∏á‡∏π‡πÉ‡∏´‡∏°‡πà ‡∏Ç‡∏ô‡∏≤‡∏î 5‡∏Å‡∏Å. x 4‡∏ñ‡∏∏‡∏á,‡∏Ç‡πâ‡∏≤‡∏ß‡πÄ‡∏´‡∏ô‡∏µ‡∏¢‡∏ß‡πÄ‡∏Ç‡∏µ‡πâ‡∏¢‡∏ß‡∏á‡∏π,lazada,‡∏ô‡∏ô‡∏ó‡∏ö‡∏∏‡∏£‡∏µ,2723391315,378050,4.9,1040,829,682,20,-6052.8
www.lazada.co.th/products/1-i4215268342.html,‡∏Ç‡πâ‡∏≤‡∏ß‡πÄ‡∏´‡∏ô‡∏µ‡∏¢‡∏ß‡πÄ‡∏Ç‡∏µ‡πâ‡∏¢‡∏ß‡∏á‡∏π ‡∏™‡∏±‡∏ô‡∏õ‡πà‡∏≤‡∏ï‡∏≠‡∏á ‡∏ï‡∏£‡∏≤‡πÄ‡∏≠‡∏ß‡∏±‡∏ì‡πÄ‡∏•‡∏¥‡∏® 1 ‡∏Å‡∏Å.,‡∏Ç‡πâ‡∏≤‡∏ß‡πÄ‡∏´‡∏ô‡∏µ‡∏¢‡∏ß‡πÄ‡∏Ç‡∏µ‡πâ‡∏¢‡∏ß‡∏á‡∏π,lazada,‡∏Å‡∏≤‡∏ç‡∏à‡∏ô‡∏ö‡∏∏‡∏£‡∏µ,4215268342,3527310,5.0,0,55,70,0,0
www.lazada.co.th/products/1kg-i4871113500.html,‡∏Ç‡πâ‡∏≤‡∏ß‡πÄ‡∏´‡∏ô‡∏µ‡∏¢‡∏ß‡πÄ‡∏Ç‡∏µ‡πâ‡∏¢‡∏ß‡∏á‡∏π (‡πÄ‡∏Å‡πà‡∏≤) 1kg ‡∏Ñ‡∏∏‡∏ì‡∏†‡∏≤‡∏û‡∏î‡∏µ ‡πÄ‡∏Å‡∏£‡∏î‡∏û‡∏£‡∏µ‡πÄ‡∏°‡∏µ‡πà‡∏¢‡∏° ‡∏´‡∏≠‡∏° ‡∏ô‡∏∏‡πà‡∏° ‡∏≠‡∏£‡πà‡∏≠‡∏¢ ‡∏Ç‡πâ‡∏≤‡∏ß‡πÄ‡∏´‡∏ô‡∏µ‡∏¢‡∏ß‡πÄ‡∏Å‡πà‡∏≤ ‡∏Ç‡πâ‡∏≤‡∏ß‡∏ó‡∏≥‡∏Ç‡πâ‡∏≤‡∏ß‡πÄ‡∏´‡∏ô‡∏µ‡∏¢‡∏ß‡∏°‡∏π‡∏ô ‡∏Ç‡πâ‡∏≤‡∏ß‡∏´‡∏°‡∏≤‡∏Å ‡∏ö‡πä‡∏∞‡∏à‡πà‡∏≤‡∏á ‡∏Ç‡πâ‡∏≤‡∏ß‡∏™‡∏≤‡∏£,‡∏Ç‡πâ‡∏≤‡∏ß‡πÄ‡∏´‡∏ô‡∏µ‡∏¢‡∏ß‡πÄ‡∏Ç‡∏µ‡πâ‡∏¢‡∏ß‡∏á‡∏π,lazada,‡∏£‡πâ‡∏≠‡∏¢‡πÄ‡∏≠‡πá‡∏î,4871113500,4441189,4.9,80,38,77,53,18.4
www.lazada.co.th/products/5-2-i4637055639.html,[‡∏™‡πà‡∏á‡∏ü‡∏£‡∏µ ‡∏°‡∏µ‡∏õ‡∏•‡∏≤‡∏¢‡∏ó‡∏≤‡∏á] ‡∏Ç‡πâ‡∏≤‡∏ß‡∏ï‡∏£‡∏≤‡∏Å‡∏¥‡∏ô‡∏£‡∏µ ‡∏Ç‡πâ‡∏≤‡∏ß‡πÄ‡∏´‡∏ô‡∏µ‡∏¢‡∏ß‡πÄ‡∏Ç‡∏µ‡πâ‡∏¢‡∏ß‡∏á‡∏π ‡∏Ç‡∏ô‡∏≤‡∏î 5 ‡∏Å‡∏¥‡πÇ‡∏•‡∏Å‡∏£‡∏±‡∏° [‡πÅ‡∏û‡πá‡∏Å 2 ‡∏ñ‡∏∏‡∏á],‡∏Ç‡πâ‡∏≤‡∏ß‡πÄ‡∏´‡∏ô‡∏µ‡∏¢‡∏ß‡πÄ‡∏Ç‡∏µ‡πâ‡∏¢‡∏ß‡∏á‡∏π,lazada,‡∏™‡∏∏‡∏û‡∏£‡∏£‡∏ì‡∏ö‡∏∏‡∏£‡∏µ,4637055639,1962504,5.0,710,579,131,18,-220.1
www.lazada.co.th/products/-i4879998748.html,‡∏Ç‡πâ‡∏≤‡∏ß‡πÄ‡∏´‡∏ô‡∏µ‡∏¢‡∏ß‡πÄ‡∏Ç‡∏µ‡πâ‡∏¢‡∏ß‡∏á‡∏π ‡∏à‡∏≤‡∏Å‡∏≠‡∏∏‡∏ö‡∏•‡∏£‡∏≤‡∏ä‡∏ò‡∏≤‡∏ô‡∏µ,‡∏Ç‡πâ‡∏≤‡∏ß‡πÄ‡∏´‡∏ô‡∏µ‡∏¢‡∏ß‡πÄ‡∏Ç‡∏µ‡πâ‡∏¢‡∏ß‡∏á‡∏π,lazada,‡∏™‡∏°‡∏∏‡∏ó‡∏£‡∏õ‡∏£‡∏≤‡∏Å‡∏≤‡∏£,4879998748,4423466,5.0,110,105,39,5,67.1
www.lazada.co.th/products/14-i5151137621.html,‡∏Ç‡πâ‡∏≤‡∏ß‡πÄ‡∏´‡∏ô‡∏µ‡∏¢‡∏ß‡πÄ‡∏Ç‡∏µ‡πâ‡∏¢‡∏ß‡∏á‡∏π ‡∏ï‡∏£‡∏≤‡πÅ‡∏ï‡∏á‡πÇ‡∏° ‡∏Ç‡∏ô‡∏≤‡∏î 14 ‡∏Å‡∏Å.,‡∏Ç‡πâ‡∏≤‡∏ß‡πÄ‡∏´‡∏ô‡∏µ‡∏¢‡∏ß‡πÄ‡∏Ç‡∏µ‡πâ‡∏¢‡∏ß‡∏á‡∏π,lazada,‡∏Å‡∏≤‡∏ç‡∏à‡∏ô‡∏ö‡∏∏‡∏£‡∏µ,5151137621,4216443,5.0,720,666,78,8,158.4
www.lazada.co.th/products/1-i4791374308.html,‡∏Ç‡πâ‡∏≤‡∏ß‡πÄ‡∏´‡∏ô‡∏µ‡∏¢‡∏ß‡πÄ‡∏Ç‡∏µ‡πâ‡∏¢‡∏ß‡∏á‡∏π 1 ‡∏Å‡∏¥‡πÇ‡∏•‡∏Å‡∏£‡∏±‡∏° (‡∏ã‡∏µ‡∏•‡∏™‡∏π‡∏ç‡∏ç‡∏≤‡∏Å‡∏≤‡∏®) ‡∏õ‡∏•‡∏≠‡∏î‡∏™‡∏≤‡∏£ ‡∏ú‡∏•‡∏ú‡∏•‡∏¥‡∏ï‡∏à‡∏≤‡∏Å‡∏ú‡∏∑‡∏ô‡∏ô‡∏≤‡πÄ‡∏Å‡∏©‡∏ï‡∏£‡∏≠‡∏¥‡∏ô‡∏ó‡∏£‡∏µ‡∏¢‡πå‡∏Ç‡∏≠‡∏á‡∏ä‡∏≤‡∏ß‡∏ô‡∏≤ ‡∏≠.‡πÅ‡∏°‡πà‡∏™‡∏≤‡∏¢ ‡∏à.‡πÄ‡∏ä‡∏µ‡∏¢‡∏á‡∏£‡∏≤‡∏¢,‡∏Ç‡πâ‡∏≤‡∏ß‡πÄ‡∏´‡∏ô‡∏µ‡∏¢‡∏ß‡πÄ‡∏Ç‡∏µ‡πâ‡∏¢‡∏ß‡∏á‡∏π,lazada,‡πÄ‡∏ä‡∏µ‡∏¢‡∏á‡∏£‡∏≤‡∏¢,4791374308,4402026,5.0,60,49,25,18,45
www.lazada.co.th/products/5-2-i1037574657.html,[‡∏™‡πà‡∏á‡∏ü‡∏£‡∏µ] ‡∏Ç‡πâ‡∏≤‡∏ß‡πÅ‡∏™‡∏ô‡∏î‡∏µ ‡∏Ç‡πâ‡∏≤‡∏ß‡πÄ‡∏´‡∏ô‡∏µ‡∏¢‡∏ß‡πÄ‡∏Ç‡∏µ‡πâ‡∏¢‡∏ß‡∏á‡∏π 5 ‡∏Å‡∏Å. ‡∏à‡∏≥‡∏ô‡∏ß‡∏ô 2 ‡∏ñ‡∏∏‡∏á ‡∏Ç‡πâ‡∏≤‡∏ß‡πÄ‡∏´‡∏ô‡∏µ‡∏¢‡∏ß‡∏û‡∏±‡∏ô‡∏ò‡∏∏‡πå‡πÄ‡∏â‡∏û‡∏≤‡∏∞,‡∏Ç‡πâ‡∏≤‡∏ß‡πÄ‡∏´‡∏ô‡∏µ‡∏¢‡∏ß‡πÄ‡∏Ç‡∏µ‡πâ‡∏¢‡∏ß‡∏á‡∏π,lazada,‡∏Å‡∏£‡∏∏‡∏á‡πÄ‡∏ó‡∏û‡∏°‡∏´‡∏≤‡∏ô‡∏Ñ‡∏£,1037574657,1329467,5.0,600,499,74,17,156
www.lazada.co.th/products/2-i4838151993.html,‡∏Ç‡πâ‡∏≤‡∏ß‡πÄ‡∏´‡∏ô‡∏µ‡∏¢‡∏ß‡πÄ‡∏Ç‡∏µ‡πâ‡∏¢‡∏ß‡∏á‡∏π ‡∏ï‡∏£‡∏≤ ‡∏Ö‡∏ô‡πÑ‡∏ó ‡∏ô‡πâ‡∏≥‡∏´‡∏ô‡∏±‡∏Å‡∏™‡∏∏‡∏ó‡∏ò‡∏¥ 2 ‡∏Å‡∏¥‡πÇ‡∏•‡∏Å‡∏£‡∏±‡∏°,‡∏Ç‡πâ‡∏≤‡∏ß‡πÄ‡∏´‡∏ô‡∏µ‡∏¢‡∏ß‡πÄ‡∏Ç‡∏µ‡πâ‡∏¢‡∏ß‡∏á‡∏π,lazada,‡∏Å‡∏£‡∏∏‡∏á‡πÄ‡∏ó‡∏û‡∏°‡∏´‡∏≤‡∏ô‡∏Ñ‡∏£,4838151993,2238885,3.0,0,110,1,0,0
www.lazada.co.th/products/100-5-4-i731120587.html,‡∏û‡∏ô‡∏°‡∏£‡∏∏‡πâ‡∏á ‡∏Ç‡πâ‡∏≤‡∏ß‡πÄ‡∏´‡∏ô‡∏µ‡∏¢‡∏ß‡πÄ‡∏Ç‡∏µ‡πâ‡∏¢‡∏ß‡∏á‡∏π 100% ‡∏Ç‡∏ô‡∏≤‡∏î 5 ‡∏Å‡∏Å. ‡∏à‡∏≥‡∏ô‡∏ß‡∏ô 4 ‡∏ñ‡∏∏‡∏á **‡∏™‡πà‡∏á‡∏ü‡∏£‡∏µ‡∏ó‡∏±‡πà‡∏ß‡∏õ‡∏£‡∏∞‡πÄ‡∏ó‡∏®**,‡∏Ç‡πâ‡∏≤‡∏ß‡πÄ‡∏´‡∏ô‡∏µ‡∏¢‡∏ß‡πÄ‡∏Ç‡∏µ‡πâ‡∏¢‡∏ß‡∏á‡∏π,lazada,‡∏Å‡∏£‡∏∏‡∏á‡πÄ‡∏ó‡∏û‡∏°‡∏´‡∏≤‡∏ô‡∏Ñ‡∏£,731120587,171535,4.0,0,1340,28,0,0
www.lazada.co.th/products/5x10-i5147369891.html,[‡∏™‡πà‡∏á‡∏ü‡∏£‡∏µ] ‡∏à‡∏±‡∏™‡∏°‡∏¥‡∏ô ‡∏Ç‡πâ‡∏≤‡∏ß‡πÄ‡∏´‡∏ô‡∏µ‡∏¢‡∏ß‡πÄ‡∏Ç‡∏µ‡πâ‡∏¢‡∏ß‡∏á‡∏π‡πÉ‡∏´‡∏°‡πà ‡∏Ç‡∏ô‡∏≤‡∏î 5‡∏Å‡∏Å.X10 ‡∏ñ‡∏∏‡∏á,‡∏Ç‡πâ‡∏≤‡∏ß‡πÄ‡∏´‡∏ô‡∏µ‡∏¢‡∏ß‡πÄ‡∏Ç‡∏µ‡πâ‡∏¢‡∏ß‡∏á‡∏π,lazada,‡∏ô‡∏ô‡∏ó‡∏ö‡∏∏‡∏£‡∏µ,5147369891,378050,5.0,2900,2099,1,28,2871
www.lazada.co.th/products/5-1-i1095714107.html,‡∏Ç‡πâ‡∏≤‡∏ß‡πÅ‡∏™‡∏ô‡∏î‡∏µ ‡∏Ç‡πâ‡∏≤‡∏ß‡πÄ‡∏´‡∏ô‡∏µ‡∏¢‡∏ß‡πÄ‡∏Ç‡∏µ‡πâ‡∏¢‡∏ß‡∏á‡∏π 5 ‡∏Å‡∏Å. ‡∏à‡∏≥‡∏ô‡∏ß‡∏ô 1 ‡∏ñ‡∏∏‡∏á ‡∏Ç‡πâ‡∏≤‡∏ß‡πÄ‡∏´‡∏ô‡∏µ‡∏¢‡∏ß‡∏û‡∏±‡∏ô‡∏ò‡∏∏‡πå‡πÄ‡∏â‡∏û‡∏≤‡∏∞,‡∏Ç‡πâ‡∏≤‡∏ß‡πÄ‡∏´‡∏ô‡∏µ‡∏¢‡∏ß‡πÄ‡∏Ç‡∏µ‡πâ‡∏¢‡∏ß‡∏á‡∏π,lazada,‡∏Å‡∏£‡∏∏‡∏á‡πÄ‡∏ó‡∏û‡∏°‡∏´‡∏≤‡∏ô‡∏Ñ‡∏£,1095714107,1329467,4.9,300,235,396,22,-888
www.lazada.co.th/products/1-i4799474110.html,‡∏Ç‡πâ‡∏≤‡∏ß‡πÄ‡∏´‡∏ô‡∏µ‡∏¢‡∏ß‡πÄ‡∏Ç‡∏µ‡πâ‡∏¢‡∏ß‡∏á‡∏π ‡∏Ç‡πâ‡∏≤‡∏ß‡πÄ‡∏´‡∏ô‡∏µ‡∏¢‡∏ß ‡∏Ç‡πâ‡∏≤‡∏ß‡πÄ‡∏´‡∏ô‡∏µ‡∏¢‡∏ß‡πÄ‡∏ä‡∏µ‡∏¢‡∏á‡∏£‡∏≤‡∏¢ ‡∏Ç‡πâ‡∏≤‡∏ß‡πÄ‡∏´‡∏ô‡∏µ‡∏¢‡∏ß‡∏ô‡∏∏‡πà‡∏° 1 ‡∏Å‡∏Å.,‡∏Ç‡πâ‡∏≤‡∏ß‡πÄ‡∏´‡∏ô‡∏µ‡∏¢‡∏ß‡πÄ‡∏Ç‡∏µ‡πâ‡∏¢‡∏ß‡∏á‡∏π,lazada,‡∏Å‡∏£‡∏∏‡∏á‡πÄ‡∏ó‡∏û‡∏°‡∏´‡∏≤‡∏ô‡∏Ñ‡∏£,4799474110,4396376,5.0,0,65,78,0,0
www.lazada.co.th/products/1-chiang-rai-sticky-rice-kiaw-ngoo-i5329971836.html,‡∏Ç‡πâ‡∏≤‡∏ß‡πÄ‡∏´‡∏ô‡∏µ‡∏¢‡∏ß‡πÄ‡∏Ç‡∏µ‡πâ‡∏¢‡∏ß‡∏á‡∏π ‡πÄ‡∏ä‡∏µ‡∏¢‡∏á‡∏£‡∏≤‡∏¢ ‡πÅ‡∏û‡πá‡∏Ñ‡∏™‡∏π‡∏ç‡∏ç‡∏≤‡∏Å‡∏≤‡∏® ( 1 ‡∏Å‡∏¥‡πÇ‡∏•‡∏Å‡∏£‡∏±‡∏° ) Chiang Rai Sticky Rice (Kiaw Ngoo),‡∏Ç‡πâ‡∏≤‡∏ß‡πÄ‡∏´‡∏ô‡∏µ‡∏¢‡∏ß‡πÄ‡∏Ç‡∏µ‡πâ‡∏¢‡∏ß‡∏á‡∏π,lazada,‡∏õ‡∏ó‡∏∏‡∏°‡∏ò‡∏≤‡∏ô‡∏µ,5329971836,3511352,0.0,100,60,0,40,100
www.lazada.co.th/products/5-i5142355431.html,‡∏à‡∏±‡∏™‡∏°‡∏¥‡∏ô ‡∏Ç‡πâ‡∏≤‡∏ß‡πÄ‡∏´‡∏ô‡∏µ‡∏¢‡∏ß‡πÄ‡∏Ç‡∏µ‡πâ‡∏¢‡∏ß‡∏á‡∏π 5 ‡∏Å‡∏Å.,‡∏Ç‡πâ‡∏≤‡∏ß‡πÄ‡∏´‡∏ô‡∏µ‡∏¢‡∏ß‡πÄ‡∏Ç‡∏µ‡πâ‡∏¢‡∏ß‡∏á‡∏π,lazada,‡∏Å‡∏£‡∏∏‡∏á‡πÄ‡∏ó‡∏û‡∏°‡∏´‡∏≤‡∏ô‡∏Ñ‡∏£,5142355431,284274,0.0,0,242,0,0,0
www.lazada.co.th/products/500-sunrice-i5076269901.html,‡∏Ç‡πâ‡∏≤‡∏ß‡∏™‡∏≤‡∏£‡∏Ñ‡∏∏‡∏ì‡∏†‡∏≤‡∏û ‡∏Ç‡πâ‡∏≤‡∏ß‡πÄ‡∏´‡∏ô‡∏µ‡∏¢‡∏ß‡πÄ‡∏Ç‡∏µ‡πâ‡∏¢‡∏ß‡∏á‡∏π ‡πÄ‡∏ä‡∏µ‡∏¢‡∏á‡∏£‡∏≤‡∏¢ ‡∏Ç‡πâ‡∏≤‡∏ß‡πÄ‡∏´‡∏ô‡∏µ‡∏¢‡∏ß‡πÉ‡∏´‡∏°‡πà ‡∏Ç‡∏ô‡∏≤‡∏î 500 ‡∏Å‡∏£‡∏±‡∏° ‡∏ï‡∏£‡∏≤ SunRice,‡∏Ç‡πâ‡∏≤‡∏ß‡πÄ‡∏´‡∏ô‡∏µ‡∏¢‡∏ß‡πÄ‡∏Ç‡∏µ‡πâ‡∏¢‡∏ß‡∏á‡∏π,lazada,‡∏Å‡∏£‡∏∏‡∏á‡πÄ‡∏ó‡∏û‡∏°‡∏´‡∏≤‡∏ô‡∏Ñ‡∏£,5076269901,4671009,0.0,150,37.99,0,75,150
www.lazada.co.th/products/15-byriceroom-i1889810653.html,‡∏Ç‡πâ‡∏≤‡∏ß‡πÄ‡∏´‡∏ô‡∏µ‡∏¢‡∏ß‡πÄ‡∏Ç‡∏µ‡πâ‡∏¢‡∏ß‡∏á‡∏π (‡∏Ñ‡∏±‡∏î‡∏û‡∏¥‡πÄ‡∏®‡∏©) ‡∏ï‡∏£‡∏≤ ‡∏ö‡∏±‡∏ß‡∏ó‡∏≠‡∏á ‡∏Ç‡∏ô‡∏≤‡∏î‡∏ö‡∏£‡∏£‡∏à‡∏∏ 15 ‡∏Å‡∏Å. (By.riceroom),‡∏Ç‡πâ‡∏≤‡∏ß‡πÄ‡∏´‡∏ô‡∏µ‡∏¢‡∏ß‡πÄ‡∏Ç‡∏µ‡πâ‡∏¢‡∏ß‡∏á‡∏π,lazada,‡∏™‡∏°‡∏∏‡∏ó‡∏£‡∏õ‡∏£‡∏≤‡∏Å‡∏≤‡∏£,1889810653,1984396,5.0,0,569,109,0,0
www.lazada.co.th/products/1-kg-i2010654567.html,‡∏Ç‡πâ‡∏≤‡∏ß‡πÄ‡∏´‡∏ô‡∏µ‡∏¢‡∏ß‡πÄ‡∏Ç‡∏µ‡πâ‡∏¢‡∏ß‡∏á‡∏π 1 kg  ‡∏´‡∏≠‡∏° ‡∏ô‡∏∏‡πà‡∏° ‡∏≠‡∏£‡πà‡∏≠‡∏¢ ‡πÄ‡∏Å‡∏©‡∏ï‡∏£‡∏Å‡∏£‡∏Ç‡∏≤‡∏¢‡πÄ‡∏≠‡∏á,‡∏Ç‡πâ‡∏≤‡∏ß‡πÄ‡∏´‡∏ô‡∏µ‡∏¢‡∏ß‡πÄ‡∏Ç‡∏µ‡πâ‡∏¢‡∏ß‡∏á‡∏π,lazada,‡∏¢‡πÇ‡∏™‡∏ò‡∏£,2010654567,1343790,4.9,59,44,158,25,-34.22
www.lazada.co.th/products/wallyshop-6-12-i5147079473.html,WallyShop ‡∏Ç‡πâ‡∏≤‡∏ß‡πÄ‡∏´‡∏ô‡∏µ‡∏¢‡∏ß‡πÄ‡∏Ç‡∏µ‡πâ‡∏¢‡∏ß‡∏á‡∏π ‡∏ï‡∏£‡∏≤‡∏ô‡∏∏‡πà‡∏°‡∏ô‡∏¥‡πà‡∏° ‡∏Ç‡πâ‡∏≤‡∏ß‡∏™‡∏≤‡∏£‡πÄ‡∏´‡∏ô‡∏µ‡∏¢‡∏ß‡∏ô‡∏≤‡∏õ‡∏µ ‡∏Ç‡πâ‡∏≤‡∏ß‡πÄ‡∏´‡∏ô‡∏µ‡∏¢‡∏ß‡∏Å‡∏Ç.6 ‡∏Ç‡πâ‡∏≤‡∏ß‡∏™‡∏≤‡∏£ ‡∏Ç‡πâ‡∏≤‡∏ß‡∏™‡∏≤‡∏£‡πÄ‡∏´‡∏ô‡∏µ‡∏¢‡∏ß‡∏Ñ‡∏±‡∏î‡∏û‡∏¥‡πÄ‡∏®‡∏© ‡∏Ç‡∏ô‡∏≤‡∏î‡∏ö‡∏£‡∏£‡∏à‡∏∏12‡∏Å‡∏Å.‡∏à‡∏±‡∏î‡∏™‡πà‡∏á‡∏ó‡∏∏‡∏Å‡∏ß‡∏±‡∏ô ‡∏™‡πà‡∏á‡∏à‡∏≤‡∏Å‡∏≠‡∏∏‡∏î‡∏£‡∏ò‡∏≤‡∏ô‡∏µ,‡∏Ç‡πâ‡∏≤‡∏ß‡πÄ‡∏´‡∏ô‡∏µ‡∏¢‡∏ß‡πÄ‡∏Ç‡∏µ‡πâ‡∏¢‡∏ß‡∏á‡∏π,lazada,‡∏≠‡∏∏‡∏î‡∏£‡∏ò‡∏≤‡∏ô‡∏µ,5147079473,839245,5.0,509,489,10,4,458.1
www.lazada.co.th/products/66-65-i4364076700.html,‡∏Ç‡πâ‡∏≤‡∏ß‡πÄ‡∏´‡∏ô‡∏µ‡∏¢‡∏ß‡πÄ‡∏Ç‡∏µ‡πâ‡∏¢‡∏ß‡∏á‡∏π‡πÉ‡∏´‡∏°‡πà ‡∏°‡∏µ‡πÉ‡∏´‡πâ‡πÄ‡∏•‡∏∑‡∏≠‡∏Å‡∏õ‡∏µ 66 ‡πÅ‡∏•‡∏∞ 65 ‡∏à‡∏≤‡∏Å‡πÄ‡∏ä‡∏µ‡∏¢‡∏á‡∏£‡∏≤‡∏¢ ‡∏´‡∏≠‡∏° ‡∏ô‡∏∏‡πà‡∏°,‡∏Ç‡πâ‡∏≤‡∏ß‡πÄ‡∏´‡∏ô‡∏µ‡∏¢‡∏ß‡πÄ‡∏Ç‡∏µ‡πâ‡∏¢‡∏ß‡∏á‡∏π,lazada,‡πÄ‡∏û‡∏ä‡∏£‡∏ö‡∏π‡∏£‡∏ì‡πå,4364076700,228289,4.9,49,40,136,18,-17.64
www.lazada.co.th/products/momopersara-6-12-i5191310094.html,Momopersara ‡∏Ç‡πâ‡∏≤‡∏ß‡πÄ‡∏´‡∏ô‡∏µ‡∏¢‡∏ß‡πÄ‡∏Ç‡∏µ‡πâ‡∏¢‡∏ß‡∏á‡∏π ‡∏ï‡∏£‡∏≤‡∏ô‡∏∏‡πà‡∏°‡∏ô‡∏¥‡πà‡∏° ‡∏Ç‡πâ‡∏≤‡∏ß‡∏™‡∏≤‡∏£‡πÄ‡∏´‡∏ô‡∏µ‡∏¢‡∏ß‡∏ô‡∏≤‡∏õ‡∏µ ‡∏Ç‡πâ‡∏≤‡∏ß‡πÄ‡∏´‡∏ô‡∏µ‡∏¢‡∏ß‡∏Å‡∏Ç.6 ‡∏Ç‡∏ô‡∏≤‡∏î‡∏ö‡∏£‡∏£‡∏à‡∏∏12‡∏Å‡∏Å. ‡∏à‡∏±‡∏î‡∏™‡πà‡∏á‡∏ó‡∏∏‡∏Å‡∏ß‡∏±‡∏ô ‡∏™‡πà‡∏á‡∏à‡∏≤‡∏Å‡∏≠‡∏∏‡∏î‡∏£‡∏ò‡∏≤‡∏ô‡∏µ,‡∏Ç‡πâ‡∏≤‡∏ß‡πÄ‡∏´‡∏ô‡∏µ‡∏¢‡∏ß‡πÄ‡∏Ç‡∏µ‡πâ‡∏¢‡∏ß‡∏á‡∏π,lazada,‡∏≠‡∏∏‡∏î‡∏£‡∏ò‡∏≤‡∏ô‡∏µ,5191310094,2937595,5.0,479,469,5,2,455.05
www.lazada.co.th/products/yasothon-1-kg-i931530575.html,‡∏Ç‡πâ‡∏≤‡∏ß‡πÄ‡∏´‡∏ô‡∏µ‡∏¢‡∏ß ‡πÄ‡∏Ç‡∏µ‡πâ‡∏¢‡∏ß‡∏á‡∏π ‡∏Ç‡πâ‡∏≤‡∏ß‡∏≠‡∏¥‡∏ô‡∏ó‡∏£‡∏µ‡∏¢‡πå ‡∏¢‡πÇ‡∏™‡∏ò‡∏£  yasothon 1 kG.,‡∏Ç‡πâ‡∏≤‡∏ß‡πÄ‡∏´‡∏ô‡∏µ‡∏¢‡∏ß‡πÄ‡∏Ç‡∏µ‡πâ‡∏¢‡∏ß‡∏á‡∏π,lazada,‡∏Å‡∏£‡∏∏‡∏á‡πÄ‡∏ó‡∏û‡∏°‡∏´‡∏≤‡∏ô‡∏Ñ‡∏£,931530575,762608,5.0,0,70,67,0,0
www.lazada.co.th/products/5-x-1-i3777062610.html,‡∏Ç‡πâ‡∏≤‡∏ß‡πÄ‡∏´‡∏ô‡∏µ‡∏¢‡∏ß‡πÄ‡∏Ç‡∏µ‡πâ‡∏¢‡∏ß‡∏á‡∏π ‡∏ï‡∏£‡∏≤‡∏ö‡∏±‡∏ß‡∏ô‡πâ‡∏≥‡πÄ‡∏á‡∏¥‡∏ô ‡∏Ç‡∏ô‡∏≤‡∏î 5 ‡∏Å‡∏Å. x 1 ‡∏ñ‡∏∏‡∏á ‡πÄ‡∏´‡∏ô‡∏µ‡∏¢‡∏ß‡∏´‡∏ô‡∏∂‡∏ö ‡∏´‡∏≠‡∏° ‡∏≠‡∏£‡πà‡∏≠‡∏¢,‡∏Ç‡πâ‡∏≤‡∏ß‡πÄ‡∏´‡∏ô‡∏µ‡∏¢‡∏ß‡πÄ‡∏Ç‡∏µ‡πâ‡∏¢‡∏ß‡∏á‡∏π,lazada,‡∏ô‡∏Ñ‡∏£‡∏™‡∏ß‡∏£‡∏£‡∏Ñ‡πå,3777062610,799592,5.0,0,208,6,0,0
www.lazada.co.th/products/5-2567-2566-sticky-rice-i5032682210.html,‡∏Ç‡πâ‡∏≤‡∏ß‡πÄ‡∏´‡∏ô‡∏µ‡∏¢‡∏ß‡πÄ‡∏Ç‡∏µ‡πâ‡∏¢‡∏ß‡∏á‡∏π (5 ‡∏Å‡∏¥‡πÇ‡∏•‡∏Å‡∏£‡∏±‡∏°) ‡∏Ç‡πâ‡∏≤‡∏ß‡πÉ‡∏´‡∏°‡πà‡∏ô‡∏≤‡∏õ‡∏µ ‡∏§‡∏î‡∏π‡∏Å‡∏≤‡∏• 2567 (‡πÄ‡∏Å‡πá‡∏ö‡πÄ‡∏Å‡∏µ‡πà‡∏¢‡∏ß ‡∏û.‡∏¢ 2566) ‡∏Ç‡πâ‡∏≤‡∏ß ‡∏à.‡∏ö‡∏∏‡∏£‡∏µ‡∏£‡∏±‡∏°‡∏¢‡πå ‡∏ú‡∏•‡∏ú‡∏•‡∏¥‡∏ï‡∏à‡∏≤‡∏Å‡∏ä‡∏≤‡∏ß‡∏ô‡∏≤‡πÇ‡∏î‡∏¢‡∏ï‡∏£‡∏á / Sticky Rice,‡∏Ç‡πâ‡∏≤‡∏ß‡πÄ‡∏´‡∏ô‡∏µ‡∏¢‡∏ß‡πÄ‡∏Ç‡∏µ‡πâ‡∏¢‡∏ß‡∏á‡∏π,lazada,‡∏õ‡∏ó‡∏∏‡∏°‡∏ò‡∏≤‡∏ô‡∏µ,5032682210,2376618,5.0,230,215,2,7,225.4
www.lazada.co.th/products/5-i4288763802.html,‡∏Ç‡πâ‡∏≤‡∏ß‡πÄ‡∏´‡∏ô‡∏µ‡∏¢‡∏ß‡πÄ‡∏Ç‡∏µ‡πâ‡∏¢‡∏ß‡∏á‡∏π(‡∏ô‡∏≤‡∏õ‡∏µ)‡∏Ñ‡∏±‡∏î‡∏û‡∏¥‡πÄ‡∏®‡∏© ‡∏ï‡∏£‡∏≤‡∏ô‡∏∏‡πà‡∏°‡∏ô‡∏¥‡πà‡∏° 5 ‡∏Å‡∏¥‡πÇ‡∏•‡∏Å‡∏£‡∏±‡∏°,‡∏Ç‡πâ‡∏≤‡∏ß‡πÄ‡∏´‡∏ô‡∏µ‡∏¢‡∏ß‡πÄ‡∏Ç‡∏µ‡πâ‡∏¢‡∏ß‡∏á‡∏π,lazada,‡∏ä‡∏•‡∏ö‡∏∏‡∏£‡∏µ,4288763802,1421885,0.0,0,195,0,0,0
www.lazada.co.th/products/-i5136719729.html,‡∏Ç‡πâ‡∏≤‡∏ß‡πÄ‡∏´‡∏ô‡∏µ‡∏¢‡∏ß‡πÄ‡∏Ç‡∏µ‡πâ‡∏¢‡∏ß‡∏á‡∏π ‡∏≠‡πà‡∏≠‡∏ô ‡∏ô‡∏∏‡πà‡∏° ‡∏´‡∏≠‡∏° ‡∏≠‡∏£‡πà‡∏≠‡∏¢ ‡∏Ç‡∏≤‡∏ß‡∏™‡∏ß‡∏¢ ‡πÄ‡∏£‡∏µ‡∏¢‡∏á‡πÄ‡∏°‡πá‡∏î,‡∏Ç‡πâ‡∏≤‡∏ß‡πÄ‡∏´‡∏ô‡∏µ‡∏¢‡∏ß‡πÄ‡∏Ç‡∏µ‡πâ‡∏¢‡∏ß‡∏á‡∏π,lazada,‡∏°‡∏´‡∏≤‡∏™‡∏≤‡∏£‡∏Ñ‡∏≤‡∏°,5136719729,4728471,5.0,0,45,1,0,0
www.lazada.co.th/products/100-2-4-i300608618.html,[‡∏™‡πà‡∏á‡∏ü‡∏£‡∏µ]  ‡∏ò‡∏£‡∏£‡∏° ‡∏Ç‡πâ‡∏≤‡∏ß‡πÄ‡∏´‡∏ô‡∏µ‡∏¢‡∏ß‡πÄ‡∏Ç‡∏µ‡πâ‡∏¢‡∏ß‡∏á‡∏π ‡πÄ‡∏ä‡∏µ‡∏¢‡∏á‡∏£‡∏≤‡∏¢ ‡∏Ñ‡∏∏‡∏ì‡∏†‡∏≤‡∏û‡∏Ñ‡∏±‡∏î‡∏û‡∏¥‡πÄ‡∏®‡∏© 100% ‡∏Ç‡∏ô‡∏≤‡∏î 2 ‡∏Å‡∏Å. ‡πÅ‡∏û‡πá‡∏Å 4 ‡∏ñ‡∏∏‡∏á,‡∏Ç‡πâ‡∏≤‡∏ß‡πÄ‡∏´‡∏ô‡∏µ‡∏¢‡∏ß‡πÄ‡∏Ç‡∏µ‡πâ‡∏¢‡∏ß‡∏á‡∏π,lazada,‡∏ô‡∏Ñ‡∏£‡∏õ‡∏ê‡∏°,300608618,78736,4.9,560,555,417,1,-1775.2
www.lazada.co.th/products/1-kg-i2042212754.html,(‡∏Ç‡πâ‡∏≤‡∏ß‡πÉ‡∏´‡∏°‡πà) ‡∏Ç‡πâ‡∏≤‡∏ß‡πÄ‡∏´‡∏ô‡∏µ‡∏¢‡∏ß‡πÄ‡∏Ç‡∏µ‡πâ‡∏¢‡∏ß‡∏á‡∏π 1 kg ‡πÄ‡∏Å‡∏©‡∏ï‡∏£‡∏Å‡∏£‡∏Ç‡∏≤‡∏¢‡πÄ‡∏≠‡∏á,‡∏Ç‡πâ‡∏≤‡∏ß‡πÄ‡∏´‡∏ô‡∏µ‡∏¢‡∏ß‡πÄ‡∏Ç‡∏µ‡πâ‡∏¢‡∏ß‡∏á‡∏π,lazada,‡∏¢‡πÇ‡∏™‡∏ò‡∏£,2042212754,2073680,4.8,59,44,272,25,-101.48
www.lazada.co.th/products/5-sandee-fineness-glutinous-rice-5-kg-i760192021.html,‡∏Ç‡πâ‡∏≤‡∏ß‡πÅ‡∏™‡∏ô‡∏î‡∏µ ‡∏Ç‡πâ‡∏≤‡∏ß‡πÄ‡∏´‡∏ô‡∏µ‡∏¢‡∏ß‡πÄ‡∏Ç‡∏µ‡πâ‡∏¢‡∏ß‡∏á‡∏π 5 ‡∏Å‡∏Å.Sandee Fineness Glutinous Rice 5 kg,‡∏Ç‡πâ‡∏≤‡∏ß‡πÄ‡∏´‡∏ô‡∏µ‡∏¢‡∏ß‡πÄ‡∏Ç‡∏µ‡πâ‡∏¢‡∏ß‡∏á‡∏π,lazada,‡∏Å‡∏£‡∏∏‡∏á‡πÄ‡∏ó‡∏û‡∏°‡∏´‡∏≤‡∏ô‡∏Ñ‡∏£,760192021,265130,4.9,0,254,130,0,0
www.lazada.co.th/products/14-i4882331860.html,‡∏Ç‡πâ‡∏≤‡∏ß‡πÄ‡∏´‡∏ô‡∏µ‡∏¢‡∏ß‡πÄ‡∏Ç‡∏µ‡πâ‡∏¢‡∏ß‡∏á‡∏π(‡∏ô‡∏≤‡∏õ‡∏µ)‡∏Ñ‡∏±‡∏î‡∏û‡∏¥‡πÄ‡∏®‡∏© ‡∏ï‡∏£‡∏≤‡∏ô‡∏∏‡πà‡∏°‡∏ô‡∏¥‡πà‡∏° 14 ‡∏Å‡∏¥‡πÇ‡∏•‡∏Å‡∏£‡∏±‡∏°,‡∏Ç‡πâ‡∏≤‡∏ß‡πÄ‡∏´‡∏ô‡∏µ‡∏¢‡∏ß‡πÄ‡∏Ç‡∏µ‡πâ‡∏¢‡∏ß‡∏á‡∏π,lazada,‡∏ä‡∏•‡∏ö‡∏∏‡∏£‡∏µ,4882331860,1421885,0.0,0,525,0,0,0
www.lazada.co.th/products/1kg-fineness-glutinous-rice-i5138212786.html,1KG. ‡∏Ç‡πâ‡∏≤‡∏ß‡πÄ‡∏´‡∏ô‡∏µ‡∏¢‡∏ß‡πÄ‡∏Ç‡∏µ‡πâ‡∏¢‡∏ß‡∏á‡∏π ‡∏ö‡∏±‡∏ß‡∏ô‡πâ‡∏≥‡πÄ‡∏á‡∏¥‡∏ô Fineness Glutinous Rice,‡∏Ç‡πâ‡∏≤‡∏ß‡πÄ‡∏´‡∏ô‡∏µ‡∏¢‡∏ß‡πÄ‡∏Ç‡∏µ‡πâ‡∏¢‡∏ß‡∏á‡∏π,lazada,‡∏™‡∏°‡∏∏‡∏ó‡∏£‡∏õ‡∏£‡∏≤‡∏Å‡∏≤‡∏£,5138212786,489149,0.0,0,90,0,0,0
www.lazada.co.th/products/5-i4885533086.html,‡∏Ç‡πâ‡∏≤‡∏ß‡πÄ‡∏´‡∏ô‡∏µ‡∏¢‡∏ß ‡πÄ‡∏Ç‡∏µ‡πâ‡∏¢‡∏ß‡∏á‡∏π ‡∏Ç‡∏ô‡∏≤‡∏î‡∏ö‡∏£‡∏£‡∏à‡∏∏ 5 ‡∏Å‡∏¥‡πÇ‡∏• ‡∏Ç‡πâ‡∏≤‡∏ß‡∏™‡∏≤‡∏£ ‡∏Ç‡πâ‡∏≤‡∏ß,‡∏Ç‡πâ‡∏≤‡∏ß‡πÄ‡∏´‡∏ô‡∏µ‡∏¢‡∏ß‡πÄ‡∏Ç‡∏µ‡πâ‡∏¢‡∏ß‡∏á‡∏π,lazada,‡∏û‡∏£‡∏∞‡∏ô‡∏Ñ‡∏£‡∏®‡∏£‡∏µ‡∏≠‡∏¢‡∏∏‡∏ò‡∏¢‡∏≤,4885533086,187749,0.0,0,230,0,0,0
www.lazada.co.th/products/iandmysis-2019-6-12-i5139731192.html,iandmysis 2019 ‡∏Ç‡πâ‡∏≤‡∏ß‡πÄ‡∏´‡∏ô‡∏µ‡∏¢‡∏ß‡πÄ‡∏Ç‡∏µ‡πâ‡∏¢‡∏ß‡∏á‡∏π ‡∏ï‡∏£‡∏≤‡∏ô‡∏∏‡πà‡∏°‡∏ô‡∏¥‡πà‡∏° ‡∏Ç‡πâ‡∏≤‡∏ß‡∏™‡∏≤‡∏£‡πÄ‡∏´‡∏ô‡∏µ‡∏¢‡∏ß‡∏ô‡∏≤‡∏õ‡∏µ ‡∏Ç‡πâ‡∏≤‡∏ß‡πÄ‡∏´‡∏ô‡∏µ‡∏¢‡∏ß‡∏Å‡∏Ç.6 ‡∏Ç‡πâ‡∏≤‡∏ß‡∏™‡∏≤‡∏£ ‡∏Ç‡πâ‡∏≤‡∏ß‡∏™‡∏≤‡∏£‡πÄ‡∏´‡∏ô‡∏µ‡∏¢‡∏ß‡∏Ñ‡∏±‡∏î‡∏û‡∏¥‡πÄ‡∏®‡∏© ‡∏Ç‡∏ô‡∏≤‡∏î‡∏ö‡∏£‡∏£‡∏à‡∏∏12‡∏Å‡∏Å.‡∏à‡∏±‡∏î‡∏™‡πà‡∏á‡∏ó‡∏∏‡∏Å‡∏ß‡∏±‡∏ô ‡∏™‡πà‡∏á‡∏à‡∏≤‡∏Å‡∏≠‡∏∏‡∏î‡∏£‡∏ò‡∏≤‡∏ô‡∏µ,‡∏Ç‡πâ‡∏≤‡∏ß‡πÄ‡∏´‡∏ô‡∏µ‡∏¢‡∏ß‡πÄ‡∏Ç‡∏µ‡πâ‡∏¢‡∏ß‡∏á‡∏π,lazada,‡∏≠‡∏∏‡∏î‡∏£‡∏ò‡∏≤‡∏ô‡∏µ,5139731192,390996,0.0,489,479,0,2,489
www.lazada.co.th/products/100-1-i4402556275.html,‡∏Ç‡πâ‡∏≤‡∏ß‡πÄ‡∏´‡∏ô‡∏µ‡∏¢‡∏ß‡∏Å‡∏£‡∏∞‡∏ï‡∏¥‡πä‡∏ö ‡∏Ç‡πâ‡∏≤‡∏ß‡πÄ‡∏´‡∏ô‡∏µ‡∏¢‡∏ß‡πÄ‡∏Ç‡∏µ‡πâ‡∏¢‡∏ß‡∏á‡∏π‡πÅ‡∏ó‡πâ 100% ‡∏Ç‡∏ô‡∏≤‡∏î 1 ‡∏Å‡∏¥‡πÇ‡∏•‡∏Å‡∏£‡∏±‡∏°,‡∏Ç‡πâ‡∏≤‡∏ß‡πÄ‡∏´‡∏ô‡∏µ‡∏¢‡∏ß‡πÄ‡∏Ç‡∏µ‡πâ‡∏¢‡∏ß‡∏á‡∏π,lazada,‡∏™‡∏°‡∏∏‡∏ó‡∏£‡∏õ‡∏£‡∏≤‡∏Å‡∏≤‡∏£,4402556275,4090482,3.8,0,60,52,0,0
www.lazada.co.th/products/1kg-i4974754719.html,üî•  ‡∏Ç‡πâ‡∏≤‡∏ß‡πÄ‡∏´‡∏ô‡∏µ‡∏¢‡∏ß‡πÄ‡∏Ç‡∏µ‡πâ‡∏¢‡∏ß‡∏á‡∏π (‡πÄ‡∏Å‡πà‡∏≤) ‡πÄ‡∏Å‡∏£‡∏î‡∏Ñ‡∏±‡∏î‡∏û‡∏¥‡πÄ‡∏®‡∏© 1kg ‡∏´‡∏≠‡∏° ‡∏ô‡∏∏‡πà‡∏° ‡∏≠‡∏£‡πà‡∏≠‡∏¢ ‡∏Ç‡πâ‡∏≤‡∏ß‡πÄ‡∏´‡∏ô‡∏µ‡∏¢‡∏ß‡πÄ‡∏Å‡πà‡∏≤ ‡∏Ç‡πâ‡∏≤‡∏ß‡∏ó‡∏≥‡∏Ç‡πâ‡∏≤‡∏ß‡πÄ‡∏´‡∏ô‡∏µ‡∏¢‡∏ß‡∏°‡∏π‡∏ô ‡∏Ç‡πâ‡∏≤‡∏ß‡∏´‡∏°‡∏≤‡∏Å ‡∏ö‡πä‡∏∞‡∏à‡πà‡∏≤‡∏á ‡∏Ç‡πâ‡∏≤‡∏ß‡∏™‡∏≤‡∏£,‡∏Ç‡πâ‡∏≤‡∏ß‡πÄ‡∏´‡∏ô‡∏µ‡∏¢‡∏ß‡πÄ‡∏Ç‡∏µ‡πâ‡∏¢‡∏ß‡∏á‡∏π,lazada,‡∏£‡πâ‡∏≠‡∏¢‡πÄ‡∏≠‡πá‡∏î,4974754719,4441189,4.9,90,40,31,56,62.1
www.lazada.co.th/products/5kg-i4871672814.html,‡∏Ç‡πâ‡∏≤‡∏ß‡πÄ‡∏´‡∏ô‡∏µ‡∏¢‡∏ß‡πÄ‡∏Ç‡∏µ‡πâ‡∏¢‡∏ß‡∏á‡∏π (‡πÄ‡∏Å‡πà‡∏≤) 5kg ‡∏Ñ‡∏∏‡∏ì‡∏†‡∏≤‡∏û‡∏î‡∏µ ‡πÄ‡∏Å‡∏£‡∏î‡∏û‡∏£‡∏µ‡πÄ‡∏°‡∏µ‡∏¢‡∏° ‡∏≠‡∏£‡πà‡∏≠‡∏¢ ‡∏Ç‡πâ‡∏≤‡∏ß‡πÄ‡∏´‡∏ô‡∏µ‡∏¢‡∏ß‡πÄ‡∏Å‡πà‡∏≤ ‡∏Ç‡πâ‡∏≤‡∏ß‡∏ó‡∏≥‡∏Ç‡πâ‡∏≤‡∏ß‡πÄ‡∏´‡∏ô‡∏µ‡∏¢‡∏ß‡∏°‡∏π‡∏ô ‡∏Ç‡πâ‡∏≤‡∏ß‡∏´‡∏°‡∏≤‡∏Å ‡∏ö‡πä‡∏∞‡∏à‡πà‡∏≤‡∏á ‡∏Ç‡πâ‡∏≤‡∏ß‡∏™‡∏≤‡∏£,‡∏Ç‡πâ‡∏≤‡∏ß‡πÄ‡∏´‡∏ô‡∏µ‡∏¢‡∏ß‡πÄ‡∏Ç‡∏µ‡πâ‡∏¢‡∏ß‡∏á‡∏π,lazada,‡∏£‡πâ‡∏≠‡∏¢‡πÄ‡∏≠‡πá‡∏î,4871672814,4441189,5.0,300,185,17,38,249
www.lazada.co.th/products/5-i4885480632.html,‡∏Ç‡πâ‡∏≤‡∏ß‡πÄ‡∏´‡∏ô‡∏µ‡∏¢‡∏ß ‡πÄ‡∏Ç‡∏µ‡πâ‡∏¢‡∏ß‡∏á‡∏π ‡∏Ç‡∏ô‡∏≤‡∏î‡∏ö‡∏£‡∏£‡∏à‡∏∏ 5 ‡∏Å‡∏¥‡πÇ‡∏• ‡∏Ç‡πâ‡∏≤‡∏ß‡∏™‡∏≤‡∏£ ‡∏Ç‡πâ‡∏≤‡∏ß,‡∏Ç‡πâ‡∏≤‡∏ß‡πÄ‡∏´‡∏ô‡∏µ‡∏¢‡∏ß‡πÄ‡∏Ç‡∏µ‡πâ‡∏¢‡∏ß‡∏á‡∏π,lazada,‡∏û‡∏£‡∏∞‡∏ô‡∏Ñ‡∏£‡∏®‡∏£‡∏µ‡∏≠‡∏¢‡∏∏‡∏ò‡∏¢‡∏≤,4885480632,2250626,5.0,0,230,1,0,0
www.lazada.co.th/products/5-honey-snp-shop-i4432948574.html,‡∏Ç‡πâ‡∏≤‡∏ß‡πÄ‡∏´‡∏ô‡∏µ‡∏¢‡∏ß‡πÄ‡∏Ç‡∏µ‡πâ‡∏¢‡∏ß‡∏á‡∏π ‡πÄ‡∏ä‡∏µ‡∏¢‡∏á‡∏£‡∏≤‡∏¢‡πÉ‡∏´‡∏°‡πà 5 ‡∏Å‡∏Å. ‡∏Ç‡πâ‡∏≤‡∏ß‡πÄ‡∏´‡∏ô‡∏µ‡∏¢‡∏ß ‡∏Ñ‡∏±‡∏î‡∏û‡∏¥‡πÄ‡∏®‡∏© ‡πÄ‡∏´‡∏ô‡∏µ‡∏¢‡∏ß‡∏ô‡∏∏‡πà‡∏° ‡∏´‡∏≠‡∏° ‡∏ô‡∏∏‡πà‡∏° ‡∏≠‡∏£‡πà‡∏≠‡∏¢ ‡∏£‡∏≤‡∏Ñ‡∏≤‡∏õ‡∏£‡∏∞‡∏´‡∏¢‡∏±‡∏î ‡∏™‡∏¥‡∏ô‡∏Ñ‡πâ‡∏≤‡∏Ñ‡∏∏‡∏ì‡∏†‡∏≤‡∏û - Honey SNP Shop,‡∏Ç‡πâ‡∏≤‡∏ß‡πÄ‡∏´‡∏ô‡∏µ‡∏¢‡∏ß‡πÄ‡∏Ç‡∏µ‡πâ‡∏¢‡∏ß‡∏á‡∏π,lazada,‡πÄ‡∏•‡∏¢,4432948574,4064541,5.0,0,229,11,0,0
www.lazada.co.th/products/-i5076245802.html,‡∏Ç‡πâ‡∏≤‡∏ß‡πÄ‡∏´‡∏ô‡∏µ‡∏¢‡∏ß‡πÄ‡∏Ç‡∏µ‡πâ‡∏¢‡∏ß‡∏á‡∏π ‡∏Ç‡πâ‡∏≤‡∏ß‡πÉ‡∏´‡∏°‡πà,‡∏Ç‡πâ‡∏≤‡∏ß‡πÄ‡∏´‡∏ô‡∏µ‡∏¢‡∏ß‡πÄ‡∏Ç‡∏µ‡πâ‡∏¢‡∏ß‡∏á‡∏π,lazada,‡πÄ‡∏ä‡∏µ‡∏¢‡∏á‡πÉ‡∏´‡∏°‡πà,5076245802,4680312,0.0,0,190,0,0,0
www.lazada.co.th/products/aro-sticky-rice-5kg-5-x-1-i760134812.html,ARO STICKY RICE 5kg.‡πÄ‡∏≠‡πÇ‡∏£‡πà ‡∏Ç‡πâ‡∏≤‡∏ß‡πÄ‡∏´‡∏ô‡∏µ‡∏¢‡∏ß‡∏Ç‡∏≤‡∏ß‡πÄ‡∏Ç‡∏µ‡πâ‡∏¢‡∏ß‡∏á‡∏π 5 ‡∏Å‡∏¥‡πÇ‡∏•‡∏Å‡∏£‡∏±‡∏° X 1 ‡∏ñ‡∏∏‡∏á,‡∏Ç‡πâ‡∏≤‡∏ß‡πÄ‡∏´‡∏ô‡∏µ‡∏¢‡∏ß‡πÄ‡∏Ç‡∏µ‡πâ‡∏¢‡∏ß‡∏á‡∏π,lazada,‡∏Å‡∏£‡∏∏‡∏á‡πÄ‡∏ó‡∏û‡∏°‡∏´‡∏≤‡∏ô‡∏Ñ‡∏£,760134812,265130,5.0,0,232,75,0,0
www.lazada.co.th/products/good-rice-by-glory-rice-i3442183689.html,‡∏Ç‡πâ‡∏≤‡∏ß‡∏•‡∏∑‡∏°‡∏ú‡∏±‡∏ß ‡∏Ç‡πâ‡∏≤‡∏ß‡∏Å‡πà‡∏≥ ‡∏Ç‡πâ‡∏≤‡∏ß‡πÄ‡∏´‡∏ô‡∏µ‡∏¢‡∏ß‡∏î‡∏≥‡∏î‡∏≠‡∏¢ ‡∏ï‡∏£‡∏≤ Good Rice by Glory Rice,‡∏Ç‡πâ‡∏≤‡∏ß‡πÄ‡∏´‡∏ô‡∏µ‡∏¢‡∏ß‡∏Å‡πà‡∏≥,lazada,‡∏Å‡∏£‡∏∏‡∏á‡πÄ‡∏ó‡∏û‡∏°‡∏´‡∏≤‡∏ô‡∏Ñ‡∏£,3442183689,261964,4.9,40,30.99,2900,23,-1120
www.lazada.co.th/products/500-i2608816541.html,‡πÅ‡∏õ‡πâ‡∏á‡∏Ç‡πâ‡∏≤‡∏ß‡πÄ‡∏´‡∏ô‡∏µ‡∏¢‡∏ß‡∏î‡∏≥‡∏ú‡∏•‡∏¥‡∏ï‡∏à‡∏≤‡∏Å‡∏Ç‡πâ‡∏≤‡∏ß‡πÄ‡∏´‡∏ô‡∏µ‡∏¢‡∏î‡∏≥‡∏Ç‡πâ‡∏≤‡∏ß‡∏Å‡πà‡∏≥‡∏î‡∏≠‡∏¢‡∏™‡∏∞‡πÄ‡∏Å‡πá‡∏î‡∏ô‡πâ‡∏≥‡∏´‡∏ô‡∏±‡∏Å 500 ‡∏Å‡∏£‡∏±‡∏°,‡∏Ç‡πâ‡∏≤‡∏ß‡πÄ‡∏´‡∏ô‡∏µ‡∏¢‡∏ß‡∏Å‡πà‡∏≥,lazada,‡πÄ‡∏ä‡∏µ‡∏¢‡∏á‡πÉ‡∏´‡∏°‡πà,2608816541,1628155,5.0,0,38,45,0,0
www.lazada.co.th/products/1-i2838382867.html,‡∏Ç‡πâ‡∏≤‡∏ß‡πÄ‡∏´‡∏ô‡∏µ‡∏¢‡∏ß‡∏î‡∏≥ ‡∏Ç‡πâ‡∏≤‡∏ß‡∏Å‡πà‡∏≥  (‡∏û‡∏±‡∏ô‡∏ò‡∏∏‡πå‡∏•‡∏∑‡∏°‡∏ú‡∏±‡∏ß) (‡πÅ‡∏ö‡∏ö‡∏ã‡πâ‡∏≠‡∏°‡∏°‡∏∑‡∏≠‡∏ä‡∏ô‡∏¥‡∏î‡∏≠‡πà‡∏≠‡∏ô‡∏ô‡∏∏‡πà‡∏°‡∏ö‡∏£‡∏£‡∏à‡∏∏1‡∏Å‡∏¥‡πÇ‡∏•‡∏Å‡∏£‡∏±‡∏°),‡∏Ç‡πâ‡∏≤‡∏ß‡πÄ‡∏´‡∏ô‡∏µ‡∏¢‡∏ß‡∏Å‡πà‡∏≥,lazada,‡∏≠‡∏∏‡∏î‡∏£‡∏ò‡∏≤‡∏ô‡∏µ,2838382867,2594764,4.8,0,59,434,0,0
www.lazada.co.th/products/1-i4381210435.html,‡∏Ç‡πâ‡∏≤‡∏ß‡πÄ‡∏´‡∏ô‡∏µ‡∏¢‡∏ß‡∏Å‡πà‡∏≥ ‡πÇ‡∏Ñ‡∏£‡∏á‡∏Å‡∏≤‡∏£‡∏´‡∏•‡∏ß‡∏á ‡∏Ç‡∏ô‡∏≤‡∏î 1 ‡∏Å‡∏Å. ‡∏û‡∏±‡∏ô‡∏ò‡∏∏‡πå‡∏Ç‡πâ‡∏≤‡∏ß‡πÄ‡∏´‡∏ô‡∏µ‡∏¢‡∏ß‡∏Ç‡∏≠‡∏á‡∏ä‡∏≤‡∏ß‡πÄ‡∏Ç‡∏≤‡πÄ‡∏ú‡πà‡∏≤‡∏°‡πâ‡∏á ‡∏´‡∏∏‡∏á‡∏™‡∏∏‡∏Å‡∏ô‡∏¥‡πà‡∏° ‡∏°‡∏µ‡∏Å‡∏•‡∏¥‡πà‡∏ô‡∏´‡∏≠‡∏° ‡∏ú‡∏¥‡∏ß‡∏°‡∏±‡∏ô ‡∏£‡∏™‡∏ä‡∏≤‡∏ï‡∏¥‡∏≠‡∏£‡πà‡∏≠‡∏¢ ‡∏Ñ‡∏∏‡∏ì‡∏õ‡∏£‡∏∞‡πÇ‡∏¢‡∏ä‡∏ô‡πå‡∏™‡∏π‡∏á,‡∏Ç‡πâ‡∏≤‡∏ß‡πÄ‡∏´‡∏ô‡∏µ‡∏¢‡∏ß‡∏Å‡πà‡∏≥,lazada,‡∏•‡∏≥‡∏õ‡∏≤‡∏á,4381210435,2028090,5.0,190,139,30,27,133
www.lazada.co.th/products/1-kg-1-i2496684046.html,‡∏Ç‡πâ‡∏≤‡∏ß‡∏•‡∏∑‡∏°‡∏ú‡∏±‡∏ß ‡∏Ç‡πâ‡∏≤‡∏ß‡πÄ‡∏´‡∏ô‡∏µ‡∏¢‡∏ß‡∏î‡∏≥ ‡∏Ç‡πâ‡∏≤‡∏ß‡∏Å‡πà‡∏≥‡πÇ‡∏ö‡∏£‡∏≤‡∏ì ‡∏Ç‡πâ‡∏≤‡∏ß‡πÉ‡∏´‡∏°‡πà‡πÄ‡∏Å‡πá‡∏ö‡πÑ‡∏î‡πâ‡∏ô‡∏≤‡∏ô ‡∏´‡∏≠‡∏°‡∏ô‡∏∏‡πà‡∏° ‡∏ô‡∏≤‡∏õ‡∏µ ‡∏™‡∏µ‡∏î‡∏≥‡πÄ‡∏Ç‡πâ‡∏° ‡∏ô‡πâ‡∏≥‡∏´‡∏ô‡∏±‡∏Å 1 kg. (‡∏à‡∏≥‡∏ô‡∏ß‡∏ô 1 ‡∏ñ‡∏∏‡∏á),‡∏Ç‡πâ‡∏≤‡∏ß‡πÄ‡∏´‡∏ô‡∏µ‡∏¢‡∏ß‡∏Å‡πà‡∏≥,lazada,‡∏ô‡∏Ñ‡∏£‡∏û‡∏ô‡∏°,2496684046,2346612,4.9,120,95,215,21,-138
www.lazada.co.th/products/1-i3129132827.html,‡∏Ç‡πâ‡∏≤‡∏ß‡∏Å‡πà‡∏≥ ‡∏Ç‡πâ‡∏≤‡∏ß‡πÄ‡∏´‡∏ô‡∏µ‡∏¢‡∏ß‡∏î‡∏≥ (‡∏Ç‡πâ‡∏≤‡∏ß‡∏•‡∏∑‡∏°‡∏ú‡∏±‡∏ß) ‡∏Ç‡∏ô‡∏≤‡∏î 1 ‡∏Å‡∏¥‡πÇ‡∏•‡∏Å‡∏£‡∏±‡∏°,‡∏Ç‡πâ‡∏≤‡∏ß‡πÄ‡∏´‡∏ô‡∏µ‡∏¢‡∏ß‡∏Å‡πà‡∏≥,lazada,‡πÄ‡∏ä‡∏µ‡∏¢‡∏á‡∏£‡∏≤‡∏¢,3129132827,2723179,5.0,0,68,814,0,0
www.lazada.co.th/products/glory-rice-1-i593912652.html,‡∏Ç‡πâ‡∏≤‡∏ß‡πÄ‡∏´‡∏ô‡∏µ‡∏¢‡∏ß‡∏î‡∏≥‡∏£‡∏≤‡∏ä‡∏¥‡∏ô‡∏µ ‡∏Ç‡πâ‡∏≤‡∏ß‡∏Å‡πà‡∏≥ ‡πÄ‡∏Å‡∏£‡∏î‡∏û‡∏£‡∏µ‡πÄ‡∏°‡∏µ‡πà‡∏¢‡∏° ‡∏ï‡∏£‡∏≤ Glory Rice ‡∏Ç‡∏ô‡∏≤‡∏î 1 ‡∏Å‡∏¥‡πÇ‡∏•‡∏Å‡∏£‡∏±‡∏°,‡∏Ç‡πâ‡∏≤‡∏ß‡πÄ‡∏´‡∏ô‡∏µ‡∏¢‡∏ß‡∏Å‡πà‡∏≥,lazada,‡∏Å‡∏£‡∏∏‡∏á‡πÄ‡∏ó‡∏û‡∏°‡∏´‡∏≤‡∏ô‡∏Ñ‡∏£,593912652,261964,5.0,120,79.99,164,33,-76.8
www.lazada.co.th/products/-i2036902607.html,‡∏Ç‡πâ‡∏≤‡∏ß‡πÄ‡∏´‡∏ô‡∏µ‡∏¢‡∏ß‡∏î‡∏≥‡∏™‡∏≠‡∏á‡∏™‡∏µ  ‡∏Ç‡πâ‡∏≤‡∏ß‡∏•‡∏∑‡∏°‡∏ú‡∏±‡∏ß  ‡∏Ç‡πâ‡∏≤‡∏ß‡∏Å‡πà‡∏≥,‡∏Ç‡πâ‡∏≤‡∏ß‡πÄ‡∏´‡∏ô‡∏µ‡∏¢‡∏ß‡∏Å‡πà‡∏≥,lazada,‡πÄ‡∏û‡∏ä‡∏£‡∏ö‡∏π‡∏£‡∏ì‡πå,2036902607,2066717,5.0,0,100,59,0,0
www.lazada.co.th/products/100-1-i5037959966.html,‡∏Ç‡πâ‡∏≤‡∏ß‡πÄ‡∏´‡∏ô‡∏µ‡∏¢‡∏ß‡∏î‡∏≥ ‡∏Ç‡πâ‡∏≤‡∏ß‡∏Å‡πà‡∏≥ ‡πÑ‡∏£‡πâ‡∏™‡∏≤‡∏£ 100% ‡∏ö‡∏£‡∏£‡∏à‡∏∏ 1 ‡∏Å‡∏¥‡πÇ‡∏•‡∏Å‡∏£‡∏±‡∏° ‡∏Ç‡πâ‡∏≤‡∏ß‡∏ã‡πâ‡∏≠‡∏°‡∏°‡∏∑‡∏≠,‡∏Ç‡πâ‡∏≤‡∏ß‡πÄ‡∏´‡∏ô‡∏µ‡∏¢‡∏ß‡∏Å‡πà‡∏≥,lazada,‡∏≠‡∏∏‡∏ö‡∏•‡∏£‡∏≤‡∏ä‡∏ò‡∏≤‡∏ô‡∏µ,5037959966,4090367,5.0,60,55,51,8,29.4
www.lazada.co.th/products/1-i2713675605.html,‡∏Ç‡πâ‡∏≤‡∏ß‡πÄ‡∏´‡∏ô‡∏µ‡∏¢‡∏ß‡∏î‡∏≥‡∏™‡∏≠‡∏á‡∏™‡∏µ ‡∏Ç‡πâ‡∏≤‡∏ß‡∏•‡∏∑‡∏°‡∏ú‡∏±‡∏ß ‡∏Ç‡πâ‡∏≤‡∏ß‡∏Å‡πà‡∏≥ ‡∏à‡∏≤‡∏Å‡πÄ‡∏Ç‡∏≤‡∏Ñ‡πâ‡∏≠ 1 ‡∏Å‡∏¥‡πÇ‡∏•‡∏Å‡∏£‡∏±‡∏° (‡∏£‡∏±‡∏ö‡∏£‡∏≠‡∏á‡∏Ñ‡∏ß‡∏≤‡∏°‡∏´‡∏≠‡∏°‡∏ô‡∏∏‡πà‡∏°‡∏≠‡∏£‡πà‡∏≠‡∏¢),‡∏Ç‡πâ‡∏≤‡∏ß‡πÄ‡∏´‡∏ô‡∏µ‡∏¢‡∏ß‡∏Å‡πà‡∏≥,lazada,‡πÄ‡∏û‡∏ä‡∏£‡∏ö‡∏π‡∏£‡∏ì‡πå,2713675605,2471856,4.6,0,70,213,0,0
www.lazada.co.th/products/-i4782865254.html,‚Äú‡∏Ç‡πâ‡∏≤‡∏ß‡∏Å‡πà‡∏≥‚Äù ‡πÅ‡∏°‡πà‡∏ó‡∏≠‡∏á‡∏û‡∏π‡∏• ‡∏Ç‡πâ‡∏≤‡∏ß‡πÄ‡∏´‡∏ô‡∏µ‡∏¢‡∏ß‡∏î‡∏≥ ‡πÄ‡∏´‡∏ô‡∏µ‡πà‡∏¢‡∏ß ‡∏ô‡∏∏‡πà‡∏° ‡∏≠‡∏£‡πà‡∏≠‡∏¢,‡∏Ç‡πâ‡∏≤‡∏ß‡πÄ‡∏´‡∏ô‡∏µ‡∏¢‡∏ß‡∏Å‡πà‡∏≥,lazada,‡∏´‡∏ô‡∏≠‡∏á‡∏Ñ‡∏≤‡∏¢,4782865254,4378035,4.6,0,59,23,0,0
www.lazada.co.th/products/1-i5081880490.html,‡∏Ç‡πâ‡∏≤‡∏ß‡∏•‡∏∑‡∏°‡∏ú‡∏±‡∏ß(‡∏Ç‡πâ‡∏≤‡∏ß‡∏Å‡πà‡∏≥‡∏´‡∏£‡∏∑‡∏≠‡∏Ç‡πâ‡∏≤‡∏ß‡πÄ‡∏´‡∏ô‡∏µ‡∏¢‡∏ß‡∏î‡∏≥)‡∏Ç‡∏ô‡∏≤‡∏î1‡∏Å‡∏¥‡πÇ‡∏•,‡∏Ç‡πâ‡∏≤‡∏ß‡πÄ‡∏´‡∏ô‡∏µ‡∏¢‡∏ß‡∏Å‡πà‡∏≥,lazada,‡∏•‡∏≥‡∏õ‡∏≤‡∏á,5081880490,4122341,5.0,0,65,23,0,0
www.lazada.co.th/products/500-sunrice-i5076286908.html,‡∏Ç‡πâ‡∏≤‡∏ß‡∏™‡∏≤‡∏£‡∏Ñ‡∏∏‡∏ì‡∏†‡∏≤‡∏û ‡∏Ç‡πâ‡∏≤‡∏ß‡πÄ‡∏´‡∏ô‡∏µ‡∏¢‡∏ß‡∏î‡∏≥ ‡∏Ç‡πâ‡∏≤‡∏ß‡∏Å‡πà‡∏≥ ‡∏Ç‡πâ‡∏≤‡∏ß‡∏•‡∏∑‡∏°‡∏ú‡∏±‡∏ß ‡∏Ç‡∏ô‡∏≤‡∏î 500 ‡∏Å‡∏£‡∏±‡∏° ‡∏ï‡∏£‡∏≤ SunRice,‡∏Ç‡πâ‡∏≤‡∏ß‡πÄ‡∏´‡∏ô‡∏µ‡∏¢‡∏ß‡∏Å‡πà‡∏≥,lazada,‡∏Å‡∏£‡∏∏‡∏á‡πÄ‡∏ó‡∏û‡∏°‡∏´‡∏≤‡∏ô‡∏Ñ‡∏£,5076286908,4671009,5.0,150,41.99,11,72,133.5
www.lazada.co.th/products/1-i4723770291.html,‡∏Ç‡πâ‡∏≤‡∏ß‡πÄ‡∏´‡∏ô‡∏µ‡∏¢‡∏ß‡∏î‡∏≥ ‡∏Ç‡πâ‡∏≤‡∏ß‡πÄ‡∏´‡∏ô‡∏µ‡∏¢‡∏ß‡∏î‡∏≥‡∏™‡∏µ‡∏•‡∏≤‡∏†‡∏£‡∏ì‡πå 1 ‡∏Å‡∏¥‡πÇ‡∏•‡∏Å‡∏£‡∏±‡∏° ‡∏õ‡∏•‡∏≠‡∏î‡∏™‡∏≤‡∏£ ‡∏Ç‡πâ‡∏≤‡∏ß‡∏Å‡πà‡∏≥ ‡∏Ç‡πâ‡∏≤‡∏ß‡πÄ‡∏´‡∏ô‡∏µ‡∏¢‡∏ß‡∏î‡∏≥‡∏≥‡∏•‡∏∑‡∏°‡∏ú‡∏±‡∏ß,‡∏Ç‡πâ‡∏≤‡∏ß‡πÄ‡∏´‡∏ô‡∏µ‡∏¢‡∏ß‡∏Å‡πà‡∏≥,lazada,‡∏Å‡∏£‡∏∏‡∏á‡πÄ‡∏ó‡∏û‡∏°‡∏´‡∏≤‡∏ô‡∏Ñ‡∏£,4723770291,2026244,5.0,0,135,21,0,0
www.lazada.co.th/products/1kg-i5256886021.html,‡∏Ç‡πâ‡∏≤‡∏ß‡πÄ‡∏´‡∏ô‡∏µ‡∏¢‡∏ß‡∏î‡∏≥ ‡πÄ‡∏°‡πá‡∏î‡∏™‡∏±‡πâ‡∏ô 1kg ‡∏Ç‡πâ‡∏≤‡∏ß‡∏Å‡πà‡∏≥‡πÄ‡∏´‡∏ô‡∏µ‡∏¢‡∏ß ‡∏ô‡∏∏‡πà‡∏°‡∏´‡∏≠‡∏°‡∏•‡∏∞‡∏°‡∏∏‡∏ô ‡∏ï‡∏≤‡∏™‡∏≤‡∏° ‡∏¢‡∏≤‡∏¢‡∏ô‡∏ß‡∏• ‡∏õ‡∏•‡∏π‡∏Å‡πÄ‡∏≠‡∏á,‡∏Ç‡πâ‡∏≤‡∏ß‡πÄ‡∏´‡∏ô‡∏µ‡∏¢‡∏ß‡∏Å‡πà‡∏≥,lazada,‡πÄ‡∏ä‡∏µ‡∏¢‡∏á‡∏£‡∏≤‡∏¢,5256886021,2127252,0.0,350,105,0,70,350
www.lazada.co.th/products/-i2982835469.html,‡∏Ç‡πâ‡∏≤‡∏ß‡πÄ‡∏´‡∏ô‡∏µ‡∏¢‡∏ß‡∏î‡∏≥‡∏™‡∏≠‡∏á‡∏™‡∏µ ‡∏Ç‡πâ‡∏≤‡∏ß‡∏•‡∏∑‡∏°‡∏ú‡∏±‡∏ß ‡∏Ç‡πâ‡∏≤‡∏ß‡∏Å‡πà‡∏≥‡πÅ‡∏ó‡πâ‡∏à‡∏≤‡∏Å‡πÄ‡∏Ç‡∏≤‡∏Ñ‡πâ‡∏≠ (‡∏£‡∏±‡∏ö‡∏£‡∏≠‡∏á‡∏Ñ‡∏ß‡∏≤‡∏°‡∏´‡∏≠‡∏°‡∏ô‡∏∏‡πà‡∏°‡∏≠‡∏£‡πà‡∏≠‡∏¢),‡∏Ç‡πâ‡∏≤‡∏ß‡πÄ‡∏´‡∏ô‡∏µ‡∏¢‡∏ß‡∏Å‡πà‡∏≥,lazada,‡πÄ‡∏û‡∏ä‡∏£‡∏ö‡∏π‡∏£‡∏ì‡πå,2982835469,2417190,5.0,0,70,67,0,0
www.lazada.co.th/products/3-i2999826573.html,‡∏û‡∏±‡∏ô‡∏ò‡∏∏‡∏∫‡πå‡∏Ç‡πâ‡∏≤‡∏ß‡πÄ‡∏´‡∏ô‡∏µ‡∏¢‡∏ß‡∏î‡∏≥‡πÅ‡∏ó‡πâ ‡∏Ç‡πâ‡∏≤‡∏ß‡∏•‡∏∑‡∏°‡∏ú‡∏±‡∏ß ‡∏Ç‡πâ‡∏≤‡∏ß‡∏Å‡πà‡∏≥ ‡∏à‡∏≤‡∏Å‡πÄ‡∏Ç‡∏≤‡∏Ñ‡πâ‡∏≠ (‡πÅ‡∏û‡πá‡∏Ñ‡∏õ‡∏£‡∏∞‡∏´‡∏¢‡∏±‡∏î 3 ‡πÇ‡∏•),‡∏Ç‡πâ‡∏≤‡∏ß‡πÄ‡∏´‡∏ô‡∏µ‡∏¢‡∏ß‡∏Å‡πà‡∏≥,lazada,‡πÄ‡∏û‡∏ä‡∏£‡∏ö‡∏π‡∏£‡∏ì‡πå,2999826573,2713376,5.0,0,280,1,0,0
www.lazada.co.th/products/1-i3359967621.html,‡∏Ç‡πâ‡∏≤‡∏ß‡πÄ‡∏´‡∏ô‡∏µ‡∏¢‡∏ß‡∏î‡∏≥ ‡∏Ç‡πâ‡∏≤‡∏ß‡πÄ‡∏´‡∏ô‡∏µ‡∏¢‡∏ß‡∏•‡∏∑‡∏°‡∏ú‡∏±‡∏ß ‡∏Ç‡πâ‡∏≤‡∏ß‡∏Å‡πà‡∏≥ ‡∏ô‡πâ‡∏≥‡∏´‡∏ô‡∏±‡∏Å1 ‡∏Å‡∏¥‡πÇ‡∏•,‡∏Ç‡πâ‡∏≤‡∏ß‡πÄ‡∏´‡∏ô‡∏µ‡∏¢‡∏ß‡∏Å‡πà‡∏≥,lazada,‡∏°‡∏´‡∏≤‡∏™‡∏≤‡∏£‡∏Ñ‡∏≤‡∏°,3359967621,2570965,5.0,0,70,20,0,0
www.lazada.co.th/products/67-100-1-leum-pua-rice-1-kg-i4762188896.html,‡∏Ç‡πâ‡∏≤‡∏ß‡πÉ‡∏´‡∏°‡πà‡∏õ‡∏µ 67 ‡∏Ç‡πâ‡∏≤‡∏ß‡∏•‡∏∑‡∏°‡∏ú‡∏±‡∏ß ‡∏Ç‡πâ‡∏≤‡∏ß‡∏•‡∏∑‡∏°‡∏ú‡∏±‡∏ß ‡∏Ç‡πâ‡∏≤‡∏ß‡∏Å‡πà‡∏≥ ‡∏Ç‡πâ‡∏≤‡∏ß‡πÄ‡∏´‡∏ô‡∏µ‡∏¢‡∏ß‡∏î‡∏≥‡∏î‡∏≠‡∏¢ ‡∏≠‡∏£‡πà‡∏≠‡∏¢ ‡∏´‡∏≠‡∏°‡∏ô‡∏∏‡πà‡∏° ‡∏Ç‡πâ‡∏≤‡∏ß 100%  1 ‡∏Å‡∏¥‡πÇ‡∏•‡∏Å‡∏£‡∏±‡∏°  Leum Pua Rice 1 Kg,‡∏Ç‡πâ‡∏≤‡∏ß‡πÄ‡∏´‡∏ô‡∏µ‡∏¢‡∏ß‡∏Å‡πà‡∏≥,lazada,‡∏Å‡∏£‡∏∏‡∏á‡πÄ‡∏ó‡∏û‡∏°‡∏´‡∏≤‡∏ô‡∏Ñ‡∏£,4762188896,3359952,5.0,90,72.99,175,19,-67.5
www.lazada.co.th/products/16100-i4728844299.html,‡∏Ç‡πâ‡∏≤‡∏ß‡∏´‡∏°‡∏≤‡∏Å (1‡∏ä‡∏∏‡∏î/6‡∏ñ‡πâ‡∏ß‡∏¢/‡∏ñ‡πâ‡∏ß‡∏¢100‡∏Å‡∏£‡∏±‡∏°)  ‡∏Ç‡πâ‡∏≤‡∏ß‡∏´‡∏°‡∏≤‡∏Å‡∏Ç‡πâ‡∏≤‡∏ß‡πÄ‡∏´‡∏ô‡∏µ‡∏¢‡∏ß‡∏î‡∏≥‡∏•‡∏∑‡∏°‡∏ú‡∏±‡∏ß‡∏ã‡πâ‡∏≠‡∏°‡∏°‡∏∑‡∏≠ ‡∏Ç‡πâ‡∏≤‡∏ß‡∏´‡∏°‡∏≤‡∏Å‡∏Ç‡πâ‡∏≤‡∏ß‡πÄ‡∏´‡∏ô‡∏µ‡∏¢‡∏ß‡∏î‡∏≥‡∏™‡∏≠‡∏á‡∏™‡∏µ(‡∏Ç‡πâ‡∏≤‡∏ß‡∏Å‡πà‡∏≥) ‡∏Ç‡πâ‡∏≤‡∏ß‡πÄ‡∏´‡∏ô‡∏µ‡∏¢‡∏ß‡∏î‡∏≥‡∏ú‡∏™‡∏°‡∏Ç‡πâ‡∏≤‡∏ß‡πÄ‡∏´‡∏ô‡∏µ‡∏¢‡∏ß‡∏Ç‡∏≤‡∏ß ‡∏Ç‡πâ‡∏≤‡∏ß‡∏´‡∏°‡∏≤‡∏Å‡πÇ‡∏ö‡∏£‡∏≤‡∏ì ‡∏Ç‡πâ‡∏≤‡∏ß‡∏´‡∏°‡∏≤‡∏Å‡∏ö‡πâ‡∏≤‡∏ô‡∏ò‡∏£‡∏£‡∏°‡∏ä‡∏≤‡∏ï‡∏¥,‡∏Ç‡πâ‡∏≤‡∏ß‡πÄ‡∏´‡∏ô‡∏µ‡∏¢‡∏ß‡∏Å‡πà‡∏≥,lazada,‡∏ô‡∏Ñ‡∏£‡∏õ‡∏ê‡∏°,4728844299,4236781,5.0,0,119,12,0,0
www.lazada.co.th/products/8-12-i5086789061.html,‡∏Ç‡πâ‡∏≤‡∏ß‡∏Å‡πà‡∏≥ ‡∏Ç‡πâ‡∏≤‡∏ß‡πÄ‡∏´‡∏ô‡∏µ‡∏¢‡∏ß‡∏î‡∏≥ ‡∏Ç‡πâ‡∏≤‡∏ß‡∏•‡∏∑‡∏°‡∏ú‡∏±‡∏ß ‡∏Ç‡∏ô‡∏≤‡∏î‡∏¢‡∏Å‡∏•‡∏±‡∏á 8 ‡∏Å‡∏Å. ‡πÅ‡∏•‡∏∞ 12 ‡∏Å‡∏Å.,‡∏Ç‡πâ‡∏≤‡∏ß‡πÄ‡∏´‡∏ô‡∏µ‡∏¢‡∏ß‡∏Å‡πà‡∏≥,lazada,‡πÄ‡∏ä‡∏µ‡∏¢‡∏á‡∏£‡∏≤‡∏¢,5086789061,2723179,0.0,0,490,0,0,0
www.lazada.co.th/products/1000-i4905572735.html,‡∏Ç‡πâ‡∏≤‡∏ß‡∏õ‡∏∏‡∏Å‡∏á‡∏≤ÈªëÂ∑¥Â∑¥ ‡πÄ‡∏´‡∏ô‡∏µ‡∏¢‡∏ß‡∏Å‡πà‡∏≥‡∏ï‡∏≥ ‡πÉ‡∏´‡∏°‡πà‡πÜ1000‡∏Å‡∏£‡∏±‡∏°,‡∏Ç‡πâ‡∏≤‡∏ß‡πÄ‡∏´‡∏ô‡∏µ‡∏¢‡∏ß‡∏Å‡πà‡∏≥,lazada,‡πÄ‡∏ä‡∏µ‡∏¢‡∏á‡πÉ‡∏´‡∏°‡πà,4905572735,4541452,5.0,0,99,14,0,0
www.lazada.co.th/products/1-i4896255788.html,‡∏Ç‡πâ‡∏≤‡∏ß‡∏Å‡πà‡∏≥ ‡∏Ç‡πâ‡∏≤‡∏ß‡∏î‡∏≥ ‡∏Ç‡πâ‡∏≤‡∏ß‡∏•‡∏∑‡∏°‡∏ú‡∏±‡∏ß ‡∏ú‡∏•‡∏¥‡∏ï‡∏à‡∏≤‡∏Å‡∏Ç‡πâ‡∏≤‡∏ß‡πÄ‡∏´‡∏ô‡∏µ‡∏¢‡∏ß‡∏Ñ‡∏±‡∏î‡∏û‡∏¥‡πÄ‡∏®‡∏© 1‡∏Å‡∏¥‡πÇ‡∏•‡∏Å‡∏£‡∏±‡∏°,‡∏Ç‡πâ‡∏≤‡∏ß‡πÄ‡∏´‡∏ô‡∏µ‡∏¢‡∏ß‡∏Å‡πà‡∏≥,lazada,‡∏≠‡∏∏‡∏î‡∏£‡∏ò‡∏≤‡∏ô‡∏µ,4896255788,2684212,5.0,120,110,7,8,111.6
www.lazada.co.th/products/1-i4677883178.html,‡∏Ç‡πâ‡∏≤‡∏ß‡∏Å‡∏•‡πâ‡∏≠‡∏á‡∏•‡∏∑‡∏°‡∏ú‡∏±‡∏ß(‡∏Ç‡πâ‡∏≤‡∏ß‡∏Å‡πà‡∏≥) 1 ‡∏Å‡∏Å. ‡∏õ‡∏•‡∏≠‡∏î‡∏™‡∏≤‡∏£,‡∏Ç‡πâ‡∏≤‡∏ß‡πÄ‡∏´‡∏ô‡∏µ‡∏¢‡∏ß‡∏Å‡πà‡∏≥,lazada,‡∏õ‡∏ó‡∏∏‡∏°‡∏ò‡∏≤‡∏ô‡∏µ,4677883178,3087363,5.0,0,72,521,0,0
www.lazada.co.th/products/-i5149306798.html,‡∏Ç‡πâ‡∏≤‡∏ß‡πÄ‡∏´‡∏ô‡∏µ‡∏¢‡∏ß‡∏î‡∏≥ (‡∏Ç‡πâ‡∏≤‡∏ß‡∏Å‡πà‡∏≥‡∏•‡∏∑‡∏°‡∏ú‡∏±‡∏ß) ‡∏Ç‡πâ‡∏≤‡∏ß‡∏≠‡∏≠‡∏£‡πå‡πÅ‡∏Å‡∏ô‡∏¥‡∏Ñ ‡∏ï‡∏£‡∏≤‡∏Ç‡πâ‡∏≤‡∏ß‡∏Ñ‡∏∏‡∏ì‡∏¢‡πà‡∏≤ ‡∏Ç‡πâ‡∏≤‡∏ß‡πÄ‡∏û‡∏∑‡πà‡∏≠‡∏™‡∏∏‡∏Ç‡∏†‡∏≤‡∏û‡∏õ‡∏•‡∏≠‡∏î‡∏™‡∏≤‡∏£‡πÄ‡∏Ñ‡∏°‡∏µ ‡∏Ç‡πâ‡∏≤‡∏ß‡∏™‡∏≤‡∏¢‡∏û‡∏±‡∏ô‡∏ò‡∏∏‡πå‡∏Ñ‡∏±‡∏î‡∏û‡∏¥‡πÄ‡∏®‡∏© ‡∏à‡∏≤‡∏Å‡∏≠‡∏≥‡πÄ‡∏†‡∏≠‡∏û‡∏£‡πâ‡∏≤‡∏ß ‡∏à‡∏±‡∏á‡∏´‡∏ß‡∏±‡∏î‡πÄ‡∏ä‡∏µ‡∏¢‡∏á‡πÉ‡∏´‡∏°‡πà,‡∏Ç‡πâ‡∏≤‡∏ß‡πÄ‡∏´‡∏ô‡∏µ‡∏¢‡∏ß‡∏Å‡πà‡∏≥,lazada,‡πÄ‡∏ä‡∏µ‡∏¢‡∏á‡πÉ‡∏´‡∏°‡πà,5149306798,3510285,0.0,0,79,0,0,0
www.lazada.co.th/products/1-i2200822088.html,‡∏Ç‡πâ‡∏≤‡∏ß‡πÄ‡∏´‡∏ô‡∏µ‡∏¢‡∏ß‡∏Å‡πà‡∏≥ ‡πÅ‡∏û‡πá‡∏Ñ‡∏™‡∏π‡∏ç‡∏ç‡∏≤‡∏Å‡∏≤‡∏® ‡∏ñ‡∏∏‡∏á 1 ‡∏Å‡∏Å.,‡∏Ç‡πâ‡∏≤‡∏ß‡πÄ‡∏´‡∏ô‡∏µ‡∏¢‡∏ß‡∏Å‡πà‡∏≥,lazada,‡πÄ‡∏ä‡∏µ‡∏¢‡∏á‡πÉ‡∏´‡∏°‡πà,2200822088,1896978,5.0,0,80,129,0,0
www.lazada.co.th/products/-i4235322852.html,‡∏Ç‡πâ‡∏≤‡∏ß‡πÄ‡∏´‡∏ô‡∏µ‡∏¢‡∏ß‡∏î‡∏≥ ‡∏´‡∏£‡∏∑‡∏≠ ‡∏Ç‡πâ‡∏≤‡∏ß‡∏Å‡πà‡∏≥ ‡∏ñ‡∏π‡∏Å‡∏™‡∏∏‡∏î‡πÜ ‡∏ó‡∏≥‡∏Ç‡∏ô‡∏°‡πÑ‡∏î‡πâ ‡∏ó‡∏≥‡∏Ç‡πâ‡∏≤‡∏ß‡∏´‡∏•‡∏≤‡∏°‡πÑ‡∏î‡πâ ‡∏õ‡∏•‡∏≠‡∏î‡∏™‡∏≤‡∏£‡∏û‡∏¥‡∏© ‡∏ã‡∏µ‡∏•‡∏™‡∏π‡∏ç‡∏ç‡∏≤‡∏Å‡∏≤‡∏® ‡πÑ‡∏°‡πà‡∏ï‡∏¥‡∏î‡∏™‡∏ï‡∏¥‡πä‡∏Å‡πÄ‡∏Å‡∏≠‡∏£‡πå‡πÅ‡∏ö‡∏ô‡∏î‡πå,‡∏Ç‡πâ‡∏≤‡∏ß‡πÄ‡∏´‡∏ô‡∏µ‡∏¢‡∏ß‡∏Å‡πà‡∏≥,lazada,‡∏Å‡∏£‡∏∏‡∏á‡πÄ‡∏ó‡∏û‡∏°‡∏´‡∏≤‡∏ô‡∏Ñ‡∏£,4235322852,2551623,4.7,0,59,31,0,0
www.lazada.co.th/products/1-i4216974811.html,‡∏Ç‡πâ‡∏≤‡∏ß‡πÄ‡∏´‡∏ô‡∏µ‡∏¢‡∏ß‡∏î‡∏≥‡∏™‡∏≠‡∏á‡∏™‡∏µ‡∏à‡∏≤‡∏Å‡πÄ‡∏Ç‡∏≤‡∏Ñ‡πâ‡∏≠ ‡∏Ç‡πâ‡∏≤‡∏ß‡∏•‡∏∑‡∏°‡∏ú‡∏±‡∏ß ‡∏Ç‡πâ‡∏≤‡∏ß‡∏Å‡πà‡∏≥ 1 ‡∏Å‡∏¥‡πÇ‡∏•‡∏Å‡∏£‡∏±‡∏° (‡∏£‡∏±‡∏ö‡∏£‡∏≠‡∏á‡∏Ñ‡∏ß‡∏≤‡∏°‡∏´‡∏≠‡∏°‡∏ô‡∏∏‡πà‡∏°‡∏≠‡∏£‡πà‡∏≠‡∏¢),‡∏Ç‡πâ‡∏≤‡∏ß‡πÄ‡∏´‡∏ô‡∏µ‡∏¢‡∏ß‡∏Å‡πà‡∏≥,lazada,‡πÄ‡∏û‡∏ä‡∏£‡∏ö‡∏π‡∏£‡∏ì‡πå,4216974811,2055518,0.0,0,60,0,0,0
www.lazada.co.th/products/-i2012638046.html,‡∏Ç‡πâ‡∏≤‡∏ß‡πÄ‡∏´‡∏ô‡∏µ‡∏¢‡∏ß‡∏î‡∏≥‡∏™‡∏≠‡∏á‡∏™‡∏µ ‡∏Ç‡πâ‡∏≤‡∏ß‡∏•‡∏∑‡∏°‡∏ú‡∏±‡∏ß  ‡∏Ç‡πâ‡∏≤‡∏ß‡∏Å‡πà‡∏≥,‡∏Ç‡πâ‡∏≤‡∏ß‡πÄ‡∏´‡∏ô‡∏µ‡∏¢‡∏ß‡∏Å‡πà‡∏≥,lazada,‡πÄ‡∏û‡∏ä‡∏£‡∏ö‡∏π‡∏£‡∏ì‡πå,2012638046,2055518,4.6,0,70,173,0,0
www.lazada.co.th/products/1-10-i2720813968.html,‡∏Ç‡πâ‡∏≤‡∏ß‡πÄ‡∏Å‡∏£‡∏µ‡∏¢‡∏ö‡∏ß‡πà‡∏≤‡∏ß ‡∏Ç‡πâ‡∏≤‡∏ß‡∏Ñ‡∏ß‡∏ö ‡∏ï‡∏≤‡∏¢‡∏≤‡∏¢ (‡πÅ‡∏ú‡πà‡∏ô‡∏î‡∏¥‡∏ö‡∏Ç‡∏ô‡∏≤‡∏î‡∏Å‡∏•‡∏≤‡∏á ‡∏£‡∏™‡∏Ç‡πâ‡∏≤‡∏ß‡∏Å‡πà‡∏≥‡∏´‡∏£‡∏∑‡∏≠‡∏Ç‡πâ‡∏≤‡∏ß‡πÄ‡∏´‡∏ô‡∏µ‡∏¢‡∏ß‡∏î‡∏≥) 1‡πÅ‡∏û‡πá‡∏Ñ 10 ‡πÅ‡∏ú‡πà‡∏ô üìå‡∏û‡∏£‡πâ‡∏≠‡∏°‡∏™‡πà‡∏á,‡∏Ç‡πâ‡∏≤‡∏ß‡πÄ‡∏´‡∏ô‡∏µ‡∏¢‡∏ß‡∏Å‡πà‡∏≥,lazada,‡πÄ‡∏ä‡∏µ‡∏¢‡∏á‡∏£‡∏≤‡∏¢,2720813968,1780223,4.9,60,45,238,25,-82.8
www.lazada.co.th/products/-i2997555365.html,‡∏Ç‡πâ‡∏≤‡∏ß‡∏Å‡πà‡∏≥ ‡∏à‡∏≤‡∏Å‡∏ö‡∏ô‡∏î‡∏≠‡∏¢‡πÄ‡∏ä‡∏µ‡∏¢‡∏á‡πÉ‡∏´‡∏°‡πà,‡∏Ç‡πâ‡∏≤‡∏ß‡πÄ‡∏´‡∏ô‡∏µ‡∏¢‡∏ß‡∏Å‡πà‡∏≥,lazada,‡πÄ‡∏ä‡∏µ‡∏¢‡∏á‡πÉ‡∏´‡∏°‡πà,2997555365,1767745,5.0,69,65,24,6,52.44
www.lazada.co.th/products/100-5-4-i956132184.html,[‡∏™‡πà‡∏á‡∏ü‡∏£‡∏µ] ‡∏ò‡∏£‡∏£‡∏° ‡∏Ç‡πâ‡∏≤‡∏ß‡∏´‡∏≠‡∏°‡∏°‡∏∞‡∏•‡∏¥‡πÄ‡∏ä‡∏µ‡∏¢‡∏á‡∏£‡∏≤‡∏¢ ‡∏Ñ‡∏∏‡∏ì‡∏†‡∏≤‡∏û‡∏Ñ‡∏±‡∏î‡∏û‡∏¥‡πÄ‡∏®‡∏© 100% ‡∏Ç‡∏ô‡∏≤‡∏î 5 ‡∏Å‡∏Å. ‡πÅ‡∏û‡πá‡∏Å 4 ‡∏ñ‡∏∏‡∏á,‡∏Ç‡πâ‡∏≤‡∏ß‡∏´‡∏≠‡∏°‡∏°‡∏∞‡∏•‡∏¥‡πÅ‡∏ó‡πâ‡πÄ‡∏ä‡∏µ‡∏¢‡∏á‡∏£‡∏≤‡∏¢100%,lazada,‡∏ô‡∏Ñ‡∏£‡∏õ‡∏ê‡∏°,956132184,78736,5.0,1200,1190,1100,1,-12000
www.lazada.co.th/products/100-2-4-i300572933.html,[‡∏™‡πà‡∏á‡∏ü‡∏£‡∏µ] ‡∏ò‡∏£‡∏£‡∏° ‡∏Ç‡πâ‡∏≤‡∏ß‡∏Å‡∏•‡πâ‡∏≠‡∏á‡∏´‡∏≠‡∏°‡∏°‡∏∞‡∏•‡∏¥‡πÄ‡∏ä‡∏µ‡∏¢‡∏á‡∏£‡∏≤‡∏¢ ‡∏Ñ‡∏±‡∏î‡∏û‡∏¥‡πÄ‡∏®‡∏©100% ‡∏Ç‡∏ô‡∏≤‡∏î 2 ‡∏Å‡∏Å. ‡πÅ‡∏û‡πá‡∏Å 4 ‡∏ñ‡∏∏‡∏á,‡∏Ç‡πâ‡∏≤‡∏ß‡∏´‡∏≠‡∏°‡∏°‡∏∞‡∏•‡∏¥‡πÅ‡∏ó‡πâ‡πÄ‡∏ä‡∏µ‡∏¢‡∏á‡∏£‡∏≤‡∏¢100%,lazada,‡∏ô‡∏Ñ‡∏£‡∏õ‡∏ê‡∏°,300572933,78736,4.9,520,510,344,2,-1268.8
www.lazada.co.th/products/100-5-i5034813833.html,‡∏™‡πà‡∏á‡∏ü‡∏£‡∏µ &gt;&gt; ‡∏Ç‡πâ‡∏≤‡∏ß‡∏´‡∏≠‡∏°‡∏°‡∏∞‡∏•‡∏¥‡πÅ‡∏ó‡πâ 100% ‡πÄ‡∏ä‡∏µ‡∏¢‡∏á‡∏£‡∏≤‡∏¢ &lt;&lt; 5 ‡∏Å‡∏Å. ‡∏Ñ‡∏∏‡∏ì‡∏†‡∏≤‡∏û‡∏™‡πà‡∏á‡∏≠‡∏≠‡∏Å ‡∏™‡πà‡∏á‡∏ï‡∏£‡∏á‡∏à‡∏≤‡∏Å‡πÇ‡∏£‡∏á‡∏™‡∏µ,‡∏Ç‡πâ‡∏≤‡∏ß‡∏´‡∏≠‡∏°‡∏°‡∏∞‡∏•‡∏¥‡πÅ‡∏ó‡πâ‡πÄ‡∏ä‡∏µ‡∏¢‡∏á‡∏£‡∏≤‡∏¢100%,lazada,‡πÄ‡∏ä‡∏µ‡∏¢‡∏á‡∏£‡∏≤‡∏¢,5034813833,4650336,0.0,269,219,0,19,269
www.lazada.co.th/products/15-i3130959828.html,‡∏Ç‡πâ‡∏≤‡∏ß‡∏´‡∏≠‡∏°‡∏°‡∏∞‡∏•‡∏¥‡∏≠‡∏¢‡πà‡∏≤‡∏á‡∏î‡∏µ ‡∏Ç‡∏ô‡∏≤‡∏î 15 ‡∏Å‡∏Å ‡∏Ç‡πâ‡∏≤‡∏ß‡∏ô‡∏∏‡πà‡∏° ‡∏´‡∏≠‡∏° ‡∏≠‡∏£‡πà‡∏≠‡∏¢ ‡∏Ç‡πà‡∏≤‡∏ß‡∏à‡∏≤‡∏Å‡πÄ‡∏ä‡∏µ‡∏¢‡∏á‡∏£‡∏≤‡∏¢,‡∏Ç‡πâ‡∏≤‡∏ß‡∏´‡∏≠‡∏°‡∏°‡∏∞‡∏•‡∏¥‡πÅ‡∏ó‡πâ‡πÄ‡∏ä‡∏µ‡∏¢‡∏á‡∏£‡∏≤‡∏¢100%,lazada,‡πÄ‡∏ä‡∏µ‡∏¢‡∏á‡∏£‡∏≤‡∏¢,3130959828,850807,4.0,0,510,6,0,0
www.lazada.co.th/products/100-5tham-culture-jasmine-rice-chiang-rai-quality-selected-100-5-kg-i1296836702.html,"‡∏ò‡∏£‡∏£‡∏° ‡∏Ñ‡∏±‡∏•‡πÄ‡∏à‡∏≠‡∏£‡πå ‡∏Ç‡πâ‡∏≤‡∏ß‡∏´‡∏≠‡∏°‡∏°‡∏∞‡∏•‡∏¥‡πÄ‡∏ä‡∏µ‡∏¢‡∏á‡∏£‡∏≤‡∏¢ ‡∏Ñ‡∏∏‡∏ì‡∏†‡∏≤‡∏û‡∏Ñ‡∏±‡∏î‡∏û‡∏¥‡πÄ‡∏®‡∏© 100% 5‡∏Å‡∏Å./Tham Culture Jasmine Rice, Chiang Rai Quality selected 100% 5 kg.",‡∏Ç‡πâ‡∏≤‡∏ß‡∏´‡∏≠‡∏°‡∏°‡∏∞‡∏•‡∏¥‡πÅ‡∏ó‡πâ‡πÄ‡∏ä‡∏µ‡∏¢‡∏á‡∏£‡∏≤‡∏¢100%,lazada,‡∏Å‡∏£‡∏∏‡∏á‡πÄ‡∏ó‡∏û‡∏°‡∏´‡∏≤‡∏ô‡∏Ñ‡∏£,1296836702,383202,5.0,0,559,1,0,0
www.lazada.co.th/products/100-525-5-thammaculture-inspiration-rice-100-finest-natural-lady-rudy-multi-grain-best-quality-525-grams-5-bags-i161126087.html,‡∏ò‡∏£‡∏£‡∏° ‡∏Ñ‡∏±‡∏•‡πÄ‡∏à‡∏≠‡∏£‡πå ‡∏Ç‡πâ‡∏≤‡∏ß‡∏ó‡∏±‡∏ö‡∏ó‡∏¥‡∏°‡∏•‡πâ‡∏≤‡∏ô‡∏ô‡∏≤‡∏ú‡∏™‡∏°‡∏Ç‡πâ‡∏≤‡∏ß‡∏Å‡∏•‡πâ‡∏≠‡∏á‡∏´‡∏≠‡∏°‡∏°‡∏∞‡∏•‡∏¥‡πÄ‡∏ä‡∏µ‡∏¢‡∏á‡∏£‡∏≤‡∏¢‡πÅ‡∏•‡∏∞‡∏Ç‡πâ‡∏≤‡∏ß‡∏´‡∏≠‡∏°‡∏ô‡∏¥‡∏•‡∏•‡πâ‡∏≤‡∏ô‡∏ô‡∏≤ ‡∏Ñ‡∏∏‡∏ì‡∏†‡∏≤‡∏û‡∏Ñ‡∏±‡∏î‡∏û‡∏¥‡πÄ‡∏®‡∏© 100%  525 ‡∏Å‡∏£‡∏±‡∏° 5 ‡∏ñ‡∏∏‡∏á Thammaculture Inspiration Rice 100% Finest & Natural Lady Rudy & Multi Grain Best Quality 525 grams 5 bags,‡∏Ç‡πâ‡∏≤‡∏ß‡∏´‡∏≠‡∏°‡∏°‡∏∞‡∏•‡∏¥‡πÅ‡∏ó‡πâ‡πÄ‡∏ä‡∏µ‡∏¢‡∏á‡∏£‡∏≤‡∏¢100%,lazada,‡πÄ‡∏•‡∏¢,161126087,9473,5.0,790,690,5,13,750.5
www.lazada.co.th/products/1-i4791374308.html,‡∏Ç‡πâ‡∏≤‡∏ß‡πÄ‡∏´‡∏ô‡∏µ‡∏¢‡∏ß‡πÄ‡∏Ç‡∏µ‡πâ‡∏¢‡∏ß‡∏á‡∏π 1 ‡∏Å‡∏¥‡πÇ‡∏•‡∏Å‡∏£‡∏±‡∏° (‡∏ã‡∏µ‡∏•‡∏™‡∏π‡∏ç‡∏ç‡∏≤‡∏Å‡∏≤‡∏®) ‡∏õ‡∏•‡∏≠‡∏î‡∏™‡∏≤‡∏£ ‡∏ú‡∏•‡∏ú‡∏•‡∏¥‡∏ï‡∏à‡∏≤‡∏Å‡∏ú‡∏∑‡∏ô‡∏ô‡∏≤‡πÄ‡∏Å‡∏©‡∏ï‡∏£‡∏≠‡∏¥‡∏ô‡∏ó‡∏£‡∏µ‡∏¢‡πå‡∏Ç‡∏≠‡∏á‡∏ä‡∏≤‡∏ß‡∏ô‡∏≤ ‡∏≠.‡πÅ‡∏°‡πà‡∏™‡∏≤‡∏¢ ‡∏à.‡πÄ‡∏ä‡∏µ‡∏¢‡∏á‡∏£‡∏≤‡∏¢,‡∏Ç‡πâ‡∏≤‡∏ß‡∏´‡∏≠‡∏°‡∏°‡∏∞‡∏•‡∏¥‡πÅ‡∏ó‡πâ‡πÄ‡∏ä‡∏µ‡∏¢‡∏á‡∏£‡∏≤‡∏¢100%,lazada,‡πÄ‡∏ä‡∏µ‡∏¢‡∏á‡∏£‡∏≤‡∏¢,4791374308,4402026,5.0,60,49,25,18,45
www.lazada.co.th/products/5-i2879719782.html,‡∏Ç‡πâ‡∏≤‡∏ß‡∏´‡∏≠‡∏°‡∏°‡∏∞‡∏•‡∏¥ ‡∏ï‡∏£‡∏≤‡∏•‡∏≤‡∏ô‡∏ô‡∏≤‡πÑ‡∏ó‡∏¢ (‡πÄ‡∏ä‡∏µ‡∏¢‡∏á‡∏£‡∏≤‡∏¢/‡∏ó‡∏∏‡πà‡∏á‡∏Å‡∏∏‡∏•‡∏≤/‡∏Ñ‡∏±‡∏î‡∏û‡∏¥‡πÄ‡∏®‡∏©) ‡∏ô‡πâ‡∏≥‡∏´‡∏ô‡∏±‡∏Å 5 ‡∏Å‡∏Å.,‡∏Ç‡πâ‡∏≤‡∏ß‡∏´‡∏≠‡∏°‡∏°‡∏∞‡∏•‡∏¥‡πÅ‡∏ó‡πâ‡πÄ‡∏ä‡∏µ‡∏¢‡∏á‡∏£‡∏≤‡∏¢100%,lazada,‡∏™‡∏°‡∏∏‡∏ó‡∏£‡∏õ‡∏£‡∏≤‡∏Å‡∏≤‡∏£,2879719782,1979789,4.9,260,195,26,25,192.4
www.lazada.co.th/products/100-2-4-i300620106.html,[‡∏™‡πà‡∏á‡∏ü‡∏£‡∏µ]  ‡∏ò‡∏£‡∏£‡∏° ‡∏Ç‡πâ‡∏≤‡∏ß‡∏´‡∏≠‡∏°‡∏°‡∏∞‡∏•‡∏¥‡πÄ‡∏ä‡∏µ‡∏¢‡∏á‡∏£‡∏≤‡∏¢ ‡∏Ñ‡∏∏‡∏ì‡∏†‡∏≤‡∏û‡∏Ñ‡∏±‡∏î‡∏û‡∏¥‡πÄ‡∏®‡∏© 100% ‡∏Ç‡∏ô‡∏≤‡∏î 2 ‡∏Å‡∏Å. ‡πÅ‡∏û‡πá‡∏Å 4 ‡∏ñ‡∏∏‡∏á,‡∏Ç‡πâ‡∏≤‡∏ß‡∏´‡∏≠‡∏°‡∏°‡∏∞‡∏•‡∏¥‡πÅ‡∏ó‡πâ‡πÄ‡∏ä‡∏µ‡∏¢‡∏á‡∏£‡∏≤‡∏¢100%,lazada,‡∏ô‡∏Ñ‡∏£‡∏õ‡∏ê‡∏°,300620106,78736,5.0,0,520,133,0,0
www.lazada.co.th/products/gi-glory-rice-1-i3438331655.html,‡∏Ç‡πâ‡∏≤‡∏ß‡∏´‡∏≠‡∏°‡∏°‡∏∞‡∏•‡∏¥‡πÄ‡∏ä‡∏µ‡∏¢‡∏á‡∏£‡∏≤‡∏¢‡πÉ‡∏´‡∏°‡πà ‡∏≠‡∏≠‡∏£‡πå‡πÅ‡∏Å‡∏ô‡∏¥‡∏Å [GI] ‡∏ï‡∏£‡∏≤ Glory Rice ‡∏Ç‡∏ô‡∏≤‡∏î 1 ‡∏Å‡∏¥‡πÇ‡∏•‡∏Å‡∏£‡∏±‡∏°,‡∏Ç‡πâ‡∏≤‡∏ß‡∏´‡∏≠‡∏°‡∏°‡∏∞‡∏•‡∏¥‡πÅ‡∏ó‡πâ‡πÄ‡∏ä‡∏µ‡∏¢‡∏á‡∏£‡∏≤‡∏¢100%,lazada,‡∏Å‡∏£‡∏∏‡∏á‡πÄ‡∏ó‡∏û‡∏°‡∏´‡∏≤‡∏ô‡∏Ñ‡∏£,3438331655,261964,4.7,0,150,53,0,0
www.lazada.co.th/products/glory-rice-i3438439860.html,‡∏Ç‡πâ‡∏≤‡∏ß‡πÄ‡∏´‡∏ô‡∏µ‡∏¢‡∏ß‡πÄ‡∏Ç‡∏µ‡πâ‡∏¢‡∏ß‡∏á‡∏π‡πÄ‡∏ä‡∏µ‡∏¢‡∏á‡∏£‡∏≤‡∏¢ (‡πÉ‡∏´‡∏°‡πà) ‡∏Ç‡πâ‡∏≤‡∏ß‡πÄ‡∏´‡∏ô‡∏µ‡∏¢‡∏ß ‡πÉ‡∏´‡∏°‡πà ‡∏ï‡πâ‡∏ô‡∏§‡∏î‡∏π ‡πÄ‡∏Å‡∏£‡∏î‡∏û‡∏£‡∏µ‡πÄ‡∏°‡∏µ‡πà‡∏¢‡∏° ‡πÄ‡∏Å‡∏£‡∏î‡∏™‡πà‡∏á‡∏≠‡∏≠‡∏Å ‡∏ï‡∏£‡∏≤ Glory Rice,‡∏Ç‡πâ‡∏≤‡∏ß‡∏´‡∏≠‡∏°‡∏°‡∏∞‡∏•‡∏¥‡πÅ‡∏ó‡πâ‡πÄ‡∏ä‡∏µ‡∏¢‡∏á‡∏£‡∏≤‡∏¢100%,lazada,‡∏Å‡∏£‡∏∏‡∏á‡πÄ‡∏ó‡∏û‡∏°‡∏´‡∏≤‡∏ô‡∏Ñ‡∏£,3438439860,261964,5.0,35,29.99,1600,14,-525
www.lazada.co.th/products/8974-gi-glory-rice-1-i3438390456.html,‡∏Ç‡πâ‡∏≤‡∏ß‡πÄ‡∏´‡∏ô‡∏µ‡∏¢‡∏ß‡πÄ‡∏Ç‡∏µ‡πâ‡∏¢‡∏ß‡∏á‡∏π‡πÄ‡∏ä‡∏µ‡∏¢‡∏á‡∏£‡∏≤‡∏¢ 8974 ‡∏≠‡∏≠‡∏£‡πå‡πÅ‡∏Å‡∏ô‡∏¥‡∏Å [GI] ‡∏Ç‡πâ‡∏≤‡∏ß‡πÄ‡∏´‡∏ô‡∏µ‡∏¢‡∏ß‡∏°‡∏∞‡∏°‡πà‡∏ß‡∏á ‡∏ï‡∏£‡∏≤ Glory Rice ‡∏Ç‡∏ô‡∏≤‡∏î 1 ‡∏Å‡∏¥‡πÇ‡∏•‡∏Å‡∏£‡∏±‡∏°,‡∏Ç‡πâ‡∏≤‡∏ß‡∏´‡∏≠‡∏°‡∏°‡∏∞‡∏•‡∏¥‡πÅ‡∏ó‡πâ‡πÄ‡∏ä‡∏µ‡∏¢‡∏á‡∏£‡∏≤‡∏¢100%,lazada,‡∏Å‡∏£‡∏∏‡∏á‡πÄ‡∏ó‡∏û‡∏°‡∏´‡∏≤‡∏ô‡∏Ñ‡∏£,3438390456,261964,5.0,180,145,154,19,-97.2
www.lazada.co.th/products/5-honey-snp-shop-i4432948574.html,‡∏Ç‡πâ‡∏≤‡∏ß‡πÄ‡∏´‡∏ô‡∏µ‡∏¢‡∏ß‡πÄ‡∏Ç‡∏µ‡πâ‡∏¢‡∏ß‡∏á‡∏π ‡πÄ‡∏ä‡∏µ‡∏¢‡∏á‡∏£‡∏≤‡∏¢‡πÉ‡∏´‡∏°‡πà 5 ‡∏Å‡∏Å. ‡∏Ç‡πâ‡∏≤‡∏ß‡πÄ‡∏´‡∏ô‡∏µ‡∏¢‡∏ß ‡∏Ñ‡∏±‡∏î‡∏û‡∏¥‡πÄ‡∏®‡∏© ‡πÄ‡∏´‡∏ô‡∏µ‡∏¢‡∏ß‡∏ô‡∏∏‡πà‡∏° ‡∏´‡∏≠‡∏° ‡∏ô‡∏∏‡πà‡∏° ‡∏≠‡∏£‡πà‡∏≠‡∏¢ ‡∏£‡∏≤‡∏Ñ‡∏≤‡∏õ‡∏£‡∏∞‡∏´‡∏¢‡∏±‡∏î ‡∏™‡∏¥‡∏ô‡∏Ñ‡πâ‡∏≤‡∏Ñ‡∏∏‡∏ì‡∏†‡∏≤‡∏û - Honey SNP Shop,‡∏Ç‡πâ‡∏≤‡∏ß‡∏´‡∏≠‡∏°‡∏°‡∏∞‡∏•‡∏¥‡πÅ‡∏ó‡πâ‡πÄ‡∏ä‡∏µ‡∏¢‡∏á‡∏£‡∏≤‡∏¢100%,lazada,‡πÄ‡∏•‡∏¢,4432948574,4064541,5.0,0,229,11,0,0
www.lazada.co.th/products/15-i308788580.html,‡∏™‡πà‡∏á‡∏ü‡∏£‡∏µ‡∏Ç‡πâ‡∏≤‡∏ß‡∏´‡∏≠‡∏°‡∏°‡∏∞‡∏•‡∏¥‡πÄ‡∏Å‡πà‡∏≤‡πÄ‡∏ä‡∏µ‡∏¢‡∏á‡∏£‡∏≤‡∏¢‡∏ï‡∏£‡∏≤‡∏™‡∏≤‡∏°‡∏á‡∏π ‡∏ñ‡∏∏‡∏á15 ‡∏Å‡∏Å.,‡∏Ç‡πâ‡∏≤‡∏ß‡∏´‡∏≠‡∏°‡∏°‡∏∞‡∏•‡∏¥‡πÅ‡∏ó‡πâ‡πÄ‡∏ä‡∏µ‡∏¢‡∏á‡∏£‡∏≤‡∏¢100%,lazada,‡∏ô‡∏ô‡∏ó‡∏ö‡∏∏‡∏£‡∏µ,308788580,282328,4.9,880,828,73,6,237.6
www.lazada.co.th/products/66-65-i4364076700.html,‡∏Ç‡πâ‡∏≤‡∏ß‡πÄ‡∏´‡∏ô‡∏µ‡∏¢‡∏ß‡πÄ‡∏Ç‡∏µ‡πâ‡∏¢‡∏ß‡∏á‡∏π‡πÉ‡∏´‡∏°‡πà ‡∏°‡∏µ‡πÉ‡∏´‡πâ‡πÄ‡∏•‡∏∑‡∏≠‡∏Å‡∏õ‡∏µ 66 ‡πÅ‡∏•‡∏∞ 65 ‡∏à‡∏≤‡∏Å‡πÄ‡∏ä‡∏µ‡∏¢‡∏á‡∏£‡∏≤‡∏¢ ‡∏´‡∏≠‡∏° ‡∏ô‡∏∏‡πà‡∏°,‡∏Ç‡πâ‡∏≤‡∏ß‡∏´‡∏≠‡∏°‡∏°‡∏∞‡∏•‡∏¥‡πÅ‡∏ó‡πâ‡πÄ‡∏ä‡∏µ‡∏¢‡∏á‡∏£‡∏≤‡∏¢100%,lazada,‡πÄ‡∏û‡∏ä‡∏£‡∏ö‡∏π‡∏£‡∏ì‡πå,4364076700,228289,4.9,49,40,136,18,-17.64
www.lazada.co.th/products/1-i4799474110.html,‡∏Ç‡πâ‡∏≤‡∏ß‡πÄ‡∏´‡∏ô‡∏µ‡∏¢‡∏ß‡πÄ‡∏Ç‡∏µ‡πâ‡∏¢‡∏ß‡∏á‡∏π ‡∏Ç‡πâ‡∏≤‡∏ß‡πÄ‡∏´‡∏ô‡∏µ‡∏¢‡∏ß ‡∏Ç‡πâ‡∏≤‡∏ß‡πÄ‡∏´‡∏ô‡∏µ‡∏¢‡∏ß‡πÄ‡∏ä‡∏µ‡∏¢‡∏á‡∏£‡∏≤‡∏¢ ‡∏Ç‡πâ‡∏≤‡∏ß‡πÄ‡∏´‡∏ô‡∏µ‡∏¢‡∏ß‡∏ô‡∏∏‡πà‡∏° 1 ‡∏Å‡∏Å.,‡∏Ç‡πâ‡∏≤‡∏ß‡∏´‡∏≠‡∏°‡∏°‡∏∞‡∏•‡∏¥‡πÅ‡∏ó‡πâ‡πÄ‡∏ä‡∏µ‡∏¢‡∏á‡∏£‡∏≤‡∏¢100%,lazada,‡∏Å‡∏£‡∏∏‡∏á‡πÄ‡∏ó‡∏û‡∏°‡∏´‡∏≤‡∏ô‡∏Ñ‡∏£,4799474110,4396376,5.0,0,65,78,0,0
www.lazada.co.th/products/3-15-i3734245036.html,‡∏™‡πà‡∏á‡∏ü‡∏£‡∏µ ‡∏Ç‡πâ‡∏≤‡∏ß‡∏´‡∏≠‡∏°‡∏°‡∏∞‡∏•‡∏¥‡πÄ‡∏ä‡∏µ‡∏¢‡∏á‡∏£‡∏≤‡∏¢‡∏Å‡∏•‡∏≤‡∏á‡∏õ‡∏µ ‡∏ï‡∏£‡∏≤3‡∏á‡∏πüêçüêçüêç ‡∏ñ‡∏∏‡∏á15‡πÇ‡∏•,‡∏Ç‡πâ‡∏≤‡∏ß‡∏´‡∏≠‡∏°‡∏°‡∏∞‡∏•‡∏¥‡πÅ‡∏ó‡πâ‡πÄ‡∏ä‡∏µ‡∏¢‡∏á‡∏£‡∏≤‡∏¢100%,lazada,‡∏ô‡∏ô‡∏ó‡∏ö‡∏∏‡∏£‡∏µ,3734245036,282328,5.0,950,808,93,15,66.5
www.lazada.co.th/products/15-i309886916.html,‡∏™‡πà‡∏á‡∏ü‡∏£‡∏µ ‡∏Ç‡πâ‡∏≤‡∏ß‡∏´‡∏≠‡∏°‡∏°‡∏∞‡∏•‡∏¥‡πÄ‡∏ä‡∏µ‡∏¢‡∏á‡∏£‡∏≤‡∏¢ ‡∏ï‡∏£‡∏≤‡∏™‡∏≤‡∏°‡∏á‡∏π ‡∏ñ‡∏∏‡∏á15‡∏Å‡∏Å.,‡∏Ç‡πâ‡∏≤‡∏ß‡∏´‡∏≠‡∏°‡∏°‡∏∞‡∏•‡∏¥‡πÅ‡∏ó‡πâ‡πÄ‡∏ä‡∏µ‡∏¢‡∏á‡∏£‡∏≤‡∏¢100%,lazada,‡∏ô‡∏ô‡∏ó‡∏ö‡∏∏‡∏£‡∏µ,309886916,282328,5.0,930,838,49,10,474.3
www.lazada.co.th/products/organic-black-fragrant-rice-450-i4966372423.html,‡∏Ç‡πâ‡∏≤‡∏ß‡∏Å‡∏•‡πâ‡∏≠‡∏á‡∏´‡∏≠‡∏°‡∏ô‡∏¥‡∏•‡∏≠‡∏¥‡∏ô‡∏ó‡∏£‡∏µ‡∏¢‡πå (Organic Black Fragrant Rice) ‡∏ï‡∏£‡∏≤ ‡πÑ‡∏ó‡πÑ‡∏ó ‡∏Ç‡∏ô‡∏≤‡∏î 450 ‡∏Å‡∏£‡∏±‡∏° / ‡∏Ç‡πâ‡∏≤‡∏ß‡∏Å‡∏•‡πâ‡∏≠‡∏á‡∏î‡∏≥ ‡∏Ç‡πâ‡∏≤‡∏ß‡∏ô‡∏¥‡∏• ‡∏Ç‡πâ‡∏≤‡∏ß‡∏≠‡∏≠‡∏£‡πå‡πÅ‡∏Å‡∏ô‡∏¥‡∏Å ‡∏Ç‡πâ‡∏≤‡∏ß‡∏™‡∏≤‡∏£‡πÄ‡∏û‡∏∑‡πà‡∏≠‡∏™‡∏∏‡∏Ç‡∏†‡∏≤‡∏û,‡∏Ç‡πâ‡∏≤‡∏ß‡∏´‡∏≠‡∏°‡∏ô‡∏¥‡∏•‡∏•‡πâ‡∏≤‡∏ô‡∏ô‡∏≤,lazada,‡∏™‡∏°‡∏∏‡∏ó‡∏£‡∏õ‡∏£‡∏≤‡∏Å‡∏≤‡∏£,4966372423,219253,5.0,45,36,410,20,-139.5
www.lazada.co.th/products/organic-black-fragrant-rice-1-i2178438407.html,‡∏Ç‡πâ‡∏≤‡∏ß‡∏Å‡∏•‡πâ‡∏≠‡∏á‡∏´‡∏≠‡∏°‡∏ô‡∏¥‡∏•‡∏≠‡∏¥‡∏ô‡∏ó‡∏£‡∏µ‡∏¢‡πå (Organic Black Fragrant Rice) ‡∏ï‡∏£‡∏≤ ‡πÑ‡∏ó‡πÑ‡∏ó ‡∏Ç‡∏ô‡∏≤‡∏î 1 ‡∏Å‡∏Å ‡∏Ç‡πâ‡∏≤‡∏ß‡∏Å‡∏•‡πâ‡∏≠‡∏á‡∏î‡∏≥ ‡∏Ç‡πâ‡∏≤‡∏ß‡∏ô‡∏¥‡∏• ‡∏Ç‡πâ‡∏≤‡∏ß‡∏≠‡∏≠‡∏£‡πå‡πÅ‡∏Å‡∏ô‡∏¥‡∏Ñ ‡∏Ç‡πâ‡∏≤‡∏ß‡∏™‡∏≤‡∏£ ‡∏≠‡∏£‡πà‡∏≠‡∏¢ ‡∏´‡∏≠‡∏°‡∏ô‡∏∏‡πà‡∏° ‡πÄ‡∏û‡∏∑‡πà‡∏≠‡∏™‡∏∏‡∏Ç‡∏†‡∏≤‡∏û,‡∏Ç‡πâ‡∏≤‡∏ß‡∏´‡∏≠‡∏°‡∏ô‡∏¥‡∏•‡∏•‡πâ‡∏≤‡∏ô‡∏ô‡∏≤,lazada,‡∏™‡∏°‡∏∏‡∏ó‡∏£‡∏õ‡∏£‡∏≤‡∏Å‡∏≤‡∏£,2178438407,219253,5.0,0,145,60,0,0
www.lazada.co.th/products/-i4150133227.html,‡∏Ç‡πâ‡∏≤‡∏ß‡∏´‡∏≠‡∏°‡∏ô‡∏¥‡∏• ‡∏õ‡∏•‡∏≠‡∏î‡∏™‡∏≤‡∏£‡πÄ‡∏Ñ‡∏°‡∏µ ‡∏Ç‡πâ‡∏≤‡∏ß‡∏´‡∏≠‡∏°‡∏ô‡∏¥‡∏•‡∏≠‡∏∏‡∏î‡∏°‡πÑ‡∏õ‡∏î‡πâ‡∏ß‡∏¢‡∏™‡∏≤‡∏£‡∏≠‡∏≤‡∏´‡∏≤‡∏£‡∏ó‡∏µ‡πà‡∏à‡∏≥‡πÄ‡∏õ‡πá‡∏ô‡∏ï‡πà‡∏≠‡∏£‡πà‡∏≤‡∏á‡∏Å‡∏≤‡∏¢‡∏°‡∏≤‡∏Å‡∏°‡∏≤‡∏¢‡πÑ‡∏î‡πâ‡πÅ‡∏Å‡πà ‡∏Ñ‡∏≤‡∏£‡πå‡πÇ‡∏ö‡πÑ‡∏Æ‡πÄ‡∏î‡∏£‡∏ï ‡πÇ‡∏õ‡∏£‡∏ï‡∏µ‡∏ô ‡∏ß‡∏¥‡∏ï‡∏≤‡∏°‡∏¥‡∏ô‡∏≠‡∏µ ‡∏ß‡∏¥‡∏ï‡∏≤‡∏°‡∏¥‡∏ô,‡∏Ç‡πâ‡∏≤‡∏ß‡∏´‡∏≠‡∏°‡∏ô‡∏¥‡∏•‡∏•‡πâ‡∏≤‡∏ô‡∏ô‡∏≤,lazada,‡∏Å‡∏£‡∏∏‡∏á‡πÄ‡∏ó‡∏û‡∏°‡∏´‡∏≤‡∏ô‡∏Ñ‡∏£,4150133227,3541427,5.0,150,120,125,20,-37.5
www.lazada.co.th/products/750390011-i4248913970.html,"750390011 ‡∏Ç‡πâ‡∏≤‡∏ß‡∏´‡∏≠‡∏°‡∏ô‡∏¥‡∏• ‡∏Ç‡πâ‡∏≤‡∏ß‡∏´‡∏≠‡∏° ‡∏≠‡πà‡∏≠‡∏ô ‡∏ô‡∏∏‡πà‡∏° ‡∏°‡∏µ‡∏õ‡∏£‡∏∞‡πÇ‡∏¢‡∏ä‡∏ô‡πå  ‡∏Ç‡πâ‡∏≤‡∏ß‡∏´‡∏≠‡∏°‡∏ô‡∏¥‡∏•‡∏à‡∏±‡∏Å‡∏£‡∏û‡∏£‡∏£‡∏î‡∏¥‡πå‡∏≠‡∏¥‡∏ô‡∏ó‡∏£‡∏µ‡∏¢‡πå   "" ‡∏™‡∏ß‡∏ô‡∏≠‡∏¥‡∏ô‡∏°‡∏ì‡∏µ"" ‡πÄ‡∏õ‡πá‡∏ô‡∏Ç‡πâ‡∏≤‡∏ß‡∏ó‡∏µ‡πà‡∏°‡∏µ‡∏™‡∏≤‡∏£‡∏ï‡πâ‡∏≤‡∏ô‡∏≠‡∏ô‡∏∏‡∏°‡∏π‡∏•‡∏≠‡∏¥‡∏™‡∏£‡∏∞‡∏°‡∏≤‡∏Å‡∏ó‡∏µ‡πà‡∏™‡∏∏‡∏î",‡∏Ç‡πâ‡∏≤‡∏ß‡∏´‡∏≠‡∏°‡∏ô‡∏¥‡∏•‡∏•‡πâ‡∏≤‡∏ô‡∏ô‡∏≤,lazada,‡∏Å‡∏£‡∏∏‡∏á‡πÄ‡∏ó‡∏û‡∏°‡∏´‡∏≤‡∏ô‡∏Ñ‡∏£,4248913970,3457478,4.6,145,85,137,41,-53.65
www.lazada.co.th/products/gi-glory-rice-1-i3438219839.html,‡∏Ç‡πâ‡∏≤‡∏ß‡∏Å‡∏•‡πâ‡∏≠‡∏á‡∏´‡∏≠‡∏°‡∏°‡∏∞‡∏•‡∏¥‡πÅ‡∏°‡πà‡∏à‡∏±‡∏ô ‡∏≠‡∏≠‡∏£‡πå‡πÅ‡∏Å‡∏ô‡∏¥‡∏Å [GI] ‡∏ï‡∏£‡∏≤ Glory Rice ‡∏Ç‡∏ô‡∏≤‡∏î 1 ‡∏Å‡∏¥‡πÇ‡∏•‡∏Å‡∏£‡∏±‡∏°,‡∏Ç‡πâ‡∏≤‡∏ß‡∏´‡∏≠‡∏°‡πÅ‡∏°‡πà‡∏à‡∏±‡∏ô,lazada,‡∏Å‡∏£‡∏∏‡∏á‡πÄ‡∏ó‡∏û‡∏°‡∏´‡∏≤‡∏ô‡∏Ñ‡∏£,3438219839,261964,5.0,0,150,30,0,0
www.lazada.co.th/products/glutinous-rice-1kg-i2112410432.html,üåæ‡∏Ç‡πâ‡∏≤‡∏ß‡πÄ‡∏´‡∏ô‡∏µ‡∏¢‡∏ß‡∏™‡∏±‡∏ô‡∏õ‡πà‡∏≤‡∏ï‡∏≠‡∏á ‡∏õ‡∏•‡∏≠‡∏î‡∏™‡∏≤‡∏£ ‡∏Ç‡πâ‡∏≤‡∏ß‡πÉ‡∏´‡∏°‡πà ‡∏Ñ‡∏±‡∏î‡∏û‡∏¥‡πÄ‡∏®‡∏© ‡∏ï‡∏£‡∏≤‡πÑ‡∏Å‡πà‡∏™‡∏µ‡∏ó‡∏≠‡∏á Glutinous rice ‡∏´‡∏≠‡∏°‡∏ô‡∏∏‡πà‡∏° 1kg,‡∏Ç‡πâ‡∏≤‡∏ß‡πÄ‡∏´‡∏ô‡∏µ‡∏¢‡∏ß‡∏™‡∏±‡∏ô‡∏õ‡πà‡∏≤‡∏ï‡∏≠‡∏á,lazada,‡∏Å‡∏£‡∏∏‡∏á‡πÄ‡∏ó‡∏û‡∏°‡∏´‡∏≤‡∏ô‡∏Ñ‡∏£,2112410432,1808237,5.0,65,42,11200,35,-7215
www.lazada.co.th/products/-i2126350526.html,‡∏Ç‡πâ‡∏≤‡∏ß‡πÄ‡∏´‡∏ô‡∏µ‡∏¢‡∏ß‡∏™‡∏±‡∏ô‡∏õ‡πà‡∏≤‡∏ï‡∏≠‡∏á ‡∏ï‡∏£‡∏≤‡πÑ‡∏Å‡πà‡∏™‡∏µ‡∏ó‡∏≠‡∏á,‡∏Ç‡πâ‡∏≤‡∏ß‡πÄ‡∏´‡∏ô‡∏µ‡∏¢‡∏ß‡∏™‡∏±‡∏ô‡∏õ‡πà‡∏≤‡∏ï‡∏≠‡∏á,lazada,‡∏Å‡∏£‡∏∏‡∏á‡πÄ‡∏ó‡∏û‡∏°‡∏´‡∏≤‡∏ô‡∏Ñ‡∏£,2126350526,529572,4.9,0,43,3900,0,0
www.lazada.co.th/products/-i5057123982.html,‡∏Ç‡πâ‡∏≤‡∏ß‡πÄ‡∏´‡∏ô‡∏µ‡∏¢‡∏ß‡πÄ‡∏Ç‡∏µ‡πâ‡∏¢‡∏ß‡∏á‡∏π ‡∏™‡∏±‡∏ô‡∏õ‡πà‡∏≤‡∏ï‡∏≠‡∏á (‡πÅ‡∏ö‡πà‡∏á‡∏Ç‡∏≤‡∏¢‡πÄ‡∏õ‡πá‡∏ô‡∏Å‡∏¥‡πÇ‡∏•‡∏Å‡∏£‡∏±‡∏°) ‡∏Ç‡∏≤‡∏ß ‡∏ô‡∏∏‡πà‡∏° ‡∏´‡∏≠‡∏° ‡∏ô‡πà‡∏≤‡∏£‡∏±‡∏ö‡∏õ‡∏£‡∏∞‡∏ó‡∏≤‡∏ô,‡∏Ç‡πâ‡∏≤‡∏ß‡πÄ‡∏´‡∏ô‡∏µ‡∏¢‡∏ß‡∏™‡∏±‡∏ô‡∏õ‡πà‡∏≤‡∏ï‡∏≠‡∏á,lazada,‡∏Å‡∏≤‡∏ç‡∏à‡∏ô‡∏ö‡∏∏‡∏£‡∏µ,5057123982,4664230,5.0,37,35,31,5,25.53
www.lazada.co.th/products/-i3074125009.html,‡∏Ç‡πâ‡∏≤‡∏ß‡∏Å‡∏•‡πâ‡∏≠‡∏á‡∏™‡∏±‡∏ô‡∏õ‡πà‡∏≤‡∏ï‡∏≠‡∏á,‡∏Ç‡πâ‡∏≤‡∏ß‡πÄ‡∏´‡∏ô‡∏µ‡∏¢‡∏ß‡∏™‡∏±‡∏ô‡∏õ‡πà‡∏≤‡∏ï‡∏≠‡∏á,lazada,‡∏õ‡∏ó‡∏∏‡∏°‡∏ò‡∏≤‡∏ô‡∏µ,3074125009,2630538,4.9,0,55,1600,0,0
www.lazada.co.th/products/10-i4984663624.html,‡∏Ç‡πâ‡∏≤‡∏ß‡πÄ‡∏´‡∏ô‡∏µ‡∏¢‡∏ß‡∏™‡∏±‡∏ô‡∏õ‡πà‡∏≤‡∏ï‡∏≠‡∏á‡∏Ñ‡∏±‡∏î‡∏û‡∏¥‡πÄ‡∏®‡∏© ‡∏Ç‡πâ‡∏≤‡∏ß‡πÄ‡∏°‡πá‡∏î‡∏™‡∏ß‡∏¢  ‡∏ö‡∏£‡∏£‡∏à‡∏∏10 ‡∏Å.‡∏Å. ‡∏™‡πà‡∏á‡∏à‡∏≤‡∏Å‡πÇ‡∏£‡∏á‡∏™‡∏µ‡∏Ç‡πâ‡∏≤‡∏ß‡πÇ‡∏î‡∏¢‡∏ï‡∏£‡∏á ‡∏ú‡∏•‡∏¥‡∏ï‡∏à‡∏≤‡∏Å‡∏Ç‡πâ‡∏≤‡∏ß‡∏ä‡∏≤‡∏ß‡∏ô‡∏≤,‡∏Ç‡πâ‡∏≤‡∏ß‡πÄ‡∏´‡∏ô‡∏µ‡∏¢‡∏ß‡∏™‡∏±‡∏ô‡∏õ‡πà‡∏≤‡∏ï‡∏≠‡∏á,lazada,‡πÄ‡∏ä‡∏µ‡∏¢‡∏á‡πÉ‡∏´‡∏°‡πà,4984663624,4531381,5.0,450,399,12,11,396
www.lazada.co.th/products/15-i1062390747.html,‡∏Ç‡πâ‡∏≤‡∏ß‡πÄ‡∏´‡∏ô‡∏µ‡∏¢‡∏ß‡πÉ‡∏´‡∏°‡πà ‡∏™‡∏±‡∏ô‡∏õ‡πà‡∏≤‡∏ï‡∏≠‡∏á ‡πÄ‡∏ä‡∏µ‡∏¢‡∏á‡πÉ‡∏´‡∏°‡πà ‡∏§‡∏î‡∏π‡∏Å‡∏≤‡∏•‡πÉ‡∏´‡∏°‡πà‡πÄ‡∏≠‡∏µ‡πà‡∏¢‡∏° ‡πÄ‡∏´‡∏ô‡∏µ‡∏¢‡∏ß‡∏ô‡∏∏‡πà‡∏° ‡∏´‡∏≠‡∏°‡∏≠‡∏£‡πà‡∏≠‡∏¢ ‡∏ï‡∏£‡∏≤ ‡∏ä‡πâ‡∏≤‡∏á‡∏°‡∏á‡∏Å‡∏∏‡∏é ‡∏Ç‡∏ô‡∏≤‡∏î 15 ‡∏Å‡∏Å. * ‡∏û‡∏£‡πâ‡∏≠‡∏°‡∏à‡∏±‡∏î‡∏™‡πà‡∏á‡∏ó‡∏±‡∏ô‡∏ó‡∏µ,‡∏Ç‡πâ‡∏≤‡∏ß‡πÄ‡∏´‡∏ô‡∏µ‡∏¢‡∏ß‡∏™‡∏±‡∏ô‡∏õ‡πà‡∏≤‡∏ï‡∏≠‡∏á,lazada,‡∏Å‡∏£‡∏∏‡∏á‡πÄ‡∏ó‡∏û‡∏°‡∏´‡∏≤‡∏ô‡∏Ñ‡∏£,1062390747,170073,4.9,700,560,131,20,-217
www.lazada.co.th/products/5-honey-snp-shop-i4433009494.html,‡∏Ç‡πâ‡∏≤‡∏ß‡πÄ‡∏´‡∏ô‡∏µ‡∏¢‡∏ß ‡∏™‡∏±‡∏ô‡∏õ‡πà‡∏≤‡∏ï‡∏≠‡∏á‡πÉ‡∏´‡∏°‡πà 5 ‡∏Å‡∏Å. ‡∏Ç‡πâ‡∏≤‡∏ß‡πÄ‡∏´‡∏ô‡∏µ‡∏¢‡∏ß‡πÉ‡∏´‡∏°‡πà ‡πÄ‡∏´‡∏ô‡∏µ‡∏¢‡∏ß ‡∏ô‡∏∏‡πà‡∏° ‡∏´‡∏≠‡∏°‡πÄ‡∏õ‡πá‡∏ô‡∏û‡∏¥‡πÄ‡∏®‡∏© ‡∏≠‡∏£‡πà‡∏≠‡∏¢ ‡∏£‡∏≤‡∏Ñ‡∏≤‡∏õ‡∏£‡∏∞‡∏´‡∏¢‡∏±‡∏î ‡∏™‡∏¥‡∏ô‡∏Ñ‡πâ‡∏≤‡∏Ñ‡∏∏‡∏ì‡∏†‡∏≤‡∏û ‡∏û‡∏£‡πâ‡∏≠‡∏°‡∏™‡πà‡∏á - Honey SNP Shop,‡∏Ç‡πâ‡∏≤‡∏ß‡πÄ‡∏´‡∏ô‡∏µ‡∏¢‡∏ß‡∏™‡∏±‡∏ô‡∏õ‡πà‡∏≤‡∏ï‡∏≠‡∏á,lazada,‡πÄ‡∏•‡∏¢,4433009494,4064541,5.0,0,229,14,0,0
www.lazada.co.th/products/8-i5205322853.html,"‡∏Ç‡πâ‡∏≤‡∏ß‡πÄ‡∏´‡∏ô‡∏µ‡∏¢‡∏ß‡∏™‡∏±‡∏ô‡∏õ‡πà‡∏≤‡∏ï‡∏≠‡∏á 8 ‡∏Å‡∏¥‡πÇ‡∏•‡∏Å‡∏£‡∏±‡∏° ‡∏Ç‡πâ‡∏≤‡∏ß‡πÄ‡∏´‡∏ô‡∏µ‡∏¢‡∏ß‡πÉ‡∏´‡∏°‡πà ‡∏Ñ‡∏±‡∏î‡∏û‡∏¥‡πÄ‡∏®‡∏© ‡∏´‡∏≠‡∏° ‡∏ô‡∏∏‡πà‡∏° ‡∏≠‡∏£‡πà‡∏≠‡∏¢ ‡∏™‡∏¥‡∏ô‡∏Ñ‡πâ‡∏≤‡∏Ñ‡∏∏‡∏ì‡∏†‡∏≤‡∏û ‡πÅ‡∏ö‡∏£‡∏ô‡∏î‡πå ""‡∏ß‡∏±‡∏ô‡πÄ‡∏î‡∏≠‡∏£‡πå‡πÅ‡∏•‡∏ô‡∏î‡πå‡∏™‡∏∏‡∏£‡∏¥‡∏ô‡∏ó‡∏£‡πå""",‡∏Ç‡πâ‡∏≤‡∏ß‡πÄ‡∏´‡∏ô‡∏µ‡∏¢‡∏ß‡∏™‡∏±‡∏ô‡∏õ‡πà‡∏≤‡∏ï‡∏≠‡∏á,lazada,‡∏™‡∏∏‡∏£‡∏¥‡∏ô‡∏ó‡∏£‡πå,5205322853,4206293,0.0,590,410,0,31,590
www.lazada.co.th/products/-i5020776887.html,‡∏Ç‡πâ‡∏≤‡∏ß‡πÄ‡∏´‡∏ô‡∏µ‡∏¢‡∏ß‡∏™‡∏±‡∏ô‡∏õ‡πà‡∏≤‡∏ï‡∏≠‡∏á‡πÉ‡∏´‡∏°‡πà,‡∏Ç‡πâ‡∏≤‡∏ß‡πÄ‡∏´‡∏ô‡∏µ‡∏¢‡∏ß‡∏™‡∏±‡∏ô‡∏õ‡πà‡∏≤‡∏ï‡∏≠‡∏á,lazada,‡πÅ‡∏û‡∏£‡πà,5020776887,4640973,0.0,0,180,0,0,0
www.lazada.co.th/products/5-i4665355331.html,"‡∏Ç‡πâ‡∏≤‡∏ß‡πÄ‡∏´‡∏ô‡∏µ‡∏¢‡∏ß ""‡∏™‡∏±‡∏ô‡∏õ‡πà‡∏≤‡∏ï‡∏≠‡∏á"" ‡πÉ‡∏´‡∏°‡πà‡πÄ‡∏≠‡∏µ‡πà‡∏¢‡∏°!!! ‡πÅ‡∏ö‡πà‡∏á‡∏Ç‡∏≤‡∏¢ ‡∏Ç‡∏ô‡∏≤‡∏î 5 ‡∏Å‡∏Å.",‡∏Ç‡πâ‡∏≤‡∏ß‡πÄ‡∏´‡∏ô‡∏µ‡∏¢‡∏ß‡∏™‡∏±‡∏ô‡∏õ‡πà‡∏≤‡∏ï‡∏≠‡∏á,lazada,‡∏Å‡∏£‡∏∏‡∏á‡πÄ‡∏ó‡∏û‡∏°‡∏´‡∏≤‡∏ô‡∏Ñ‡∏£,4665355331,2301360,5.0,0,450,28,0,0
www.lazada.co.th/products/bherbs-brown-rice-i4154150720.html,‡∏Ç‡πâ‡∏≤‡∏ß‡πÄ‡∏´‡∏ô‡∏µ‡∏¢‡∏ß‡∏î‡∏≥/‡∏Ç‡πâ‡∏≤‡∏ß‡∏Å‡∏•‡πâ‡∏≠‡∏á‡∏´‡∏≠‡∏°‡∏°‡∏∞‡∏•‡∏¥‡πÅ‡∏î‡∏á/‡∏Ç‡πâ‡∏≤‡∏ß‡∏´‡∏≠‡∏°‡∏°‡∏∞‡∏•‡∏¥/‡∏Ç‡πâ‡∏≤‡∏ß‡πÄ‡∏´‡∏ô‡∏µ‡∏¢‡∏ß‡∏™‡∏±‡∏ô‡∏õ‡πà‡∏≤‡∏ï‡∏≠‡∏á/‡πÑ‡∏£‡∏ã‡πå‡πÄ‡∏ö‡∏≠‡∏£‡∏µ‡πà/‡∏Ç‡πâ‡∏≤‡∏ß‡∏Å‡∏•‡πâ‡∏≠‡∏á‡∏™‡∏±‡∏á‡∏Ç‡πå‡∏´‡∏¢‡∏î/‡∏Ç‡πâ‡∏≤‡∏ß‡∏ç‡∏µ‡πà‡∏õ‡∏∏‡πà‡∏ô BHerbs Brown Rice,‡∏Ç‡πâ‡∏≤‡∏ß‡πÄ‡∏´‡∏ô‡∏µ‡∏¢‡∏ß‡∏™‡∏±‡∏ô‡∏õ‡πà‡∏≤‡∏ï‡∏≠‡∏á,lazada,‡∏™‡∏°‡∏∏‡∏ó‡∏£‡∏õ‡∏£‡∏≤‡∏Å‡∏≤‡∏£,4154150720,489149,0.0,0,110,0,0,0
www.lazada.co.th/products/1-i5281504295.html,‡∏Ç‡πâ‡∏≤‡∏ß‡πÄ‡∏´‡∏ô‡∏µ‡∏¢‡∏ß‡∏™‡∏±‡∏ô‡∏õ‡πà‡∏≤‡∏ï‡∏≠‡∏á‡∏Ñ‡∏±‡∏î‡∏û‡∏¥‡πÄ‡∏®‡∏© ‡∏Ç‡πâ‡∏≤‡∏ß‡πÄ‡∏°‡πá‡∏î‡∏™‡∏ß‡∏¢  ‡∏ö‡∏£‡∏£‡∏à‡∏∏1 ‡∏Å‡∏¥‡πÇ‡∏•‡∏Å‡∏£‡∏±‡∏° ‡∏ú‡∏•‡∏¥‡∏ï‡∏à‡∏≤‡∏Å‡∏Ç‡πâ‡∏≤‡∏ß‡∏ä‡∏≤‡∏ß‡∏ô‡∏≤ ‡∏™‡πà‡∏á‡∏à‡∏≤‡∏Å‡πÇ‡∏£‡∏á‡∏™‡∏µ‡∏Ç‡πâ‡∏≤‡∏ß‡πÇ‡∏î‡∏¢‡∏ï‡∏£‡∏á,‡∏Ç‡πâ‡∏≤‡∏ß‡πÄ‡∏´‡∏ô‡∏µ‡∏¢‡∏ß‡∏™‡∏±‡∏ô‡∏õ‡πà‡∏≤‡∏ï‡∏≠‡∏á,lazada,‡πÄ‡∏ä‡∏µ‡∏¢‡∏á‡πÉ‡∏´‡∏°‡πà,5281504295,4531381,0.0,59,50.6,0,14,59
www.lazada.co.th/products/1-i4215268342.html,‡∏Ç‡πâ‡∏≤‡∏ß‡πÄ‡∏´‡∏ô‡∏µ‡∏¢‡∏ß‡πÄ‡∏Ç‡∏µ‡πâ‡∏¢‡∏ß‡∏á‡∏π ‡∏™‡∏±‡∏ô‡∏õ‡πà‡∏≤‡∏ï‡∏≠‡∏á ‡∏ï‡∏£‡∏≤‡πÄ‡∏≠‡∏ß‡∏±‡∏ì‡πÄ‡∏•‡∏¥‡∏® 1 ‡∏Å‡∏Å.,‡∏Ç‡πâ‡∏≤‡∏ß‡πÄ‡∏´‡∏ô‡∏µ‡∏¢‡∏ß‡∏™‡∏±‡∏ô‡∏õ‡πà‡∏≤‡∏ï‡∏≠‡∏á,lazada,‡∏Å‡∏≤‡∏ç‡∏à‡∏ô‡∏ö‡∏∏‡∏£‡∏µ,4215268342,3527310,5.0,0,55,70,0,0
www.lazada.co.th/products/5-i4006666818.html,‡∏Ç‡πâ‡∏≤‡∏ß‡πÄ‡∏´‡∏ô‡∏µ‡∏¢‡∏ß‡πÉ‡∏´‡∏°‡πà(‡∏™‡∏±‡∏ô‡∏õ‡πà‡∏≤‡∏ï‡∏≠‡∏á 5 ‡∏Å‡∏¥‡πÇ‡∏•‡∏Å‡∏£‡∏±‡∏°),‡∏Ç‡πâ‡∏≤‡∏ß‡πÄ‡∏´‡∏ô‡∏µ‡∏¢‡∏ß‡∏™‡∏±‡∏ô‡∏õ‡πà‡∏≤‡∏ï‡∏≠‡∏á,lazada,‡∏™‡∏∏‡∏£‡∏¥‡∏ô‡∏ó‡∏£‡πå,4006666818,3436742,0.0,0,175,0,0,0
www.lazada.co.th/products/45-45-i4374491127.html,‡∏Ç‡πâ‡∏≤‡∏ß‡πÄ‡∏´‡∏ô‡∏µ‡∏¢‡∏ß‡πÉ‡∏´‡∏°‡πà ‡∏™‡∏±‡∏ô‡∏õ‡πà‡∏≤‡∏ï‡∏≠‡∏á ‡πÄ‡∏ä‡∏µ‡∏¢‡∏á‡πÉ‡∏´‡∏°‡πà ‡∏Ç‡∏≤‡∏ß‡∏™‡∏ß‡∏¢ ‡∏ô‡∏∂‡πà‡∏á‡∏ô‡∏¥‡πà‡∏° ‡∏´‡∏≠‡∏°‡∏≠‡∏£‡πà‡∏≠‡∏¢ ‡∏≠‡∏∏‡πà‡∏ô‡πÑ‡∏î‡πâ‡∏´‡∏•‡∏≤‡∏¢‡∏Ñ‡∏£‡∏±‡πâ‡∏á ‡∏ï‡∏£‡∏≤ ‡∏´‡∏°‡∏µ‡πÅ‡∏û‡∏ô‡∏î‡πâ‡∏≤ ‡∏Ç‡∏ô‡∏≤‡∏î 45 ‡∏Å‡∏Å. * ‡∏û‡∏£‡πâ‡∏≠‡∏°‡∏à‡∏±‡∏î‡∏™‡πà‡∏á‡∏ó‡∏±‡∏ô‡∏ó‡∏µ‚óè ‡∏Ç‡πâ‡∏≤‡∏ß‡πÄ‡∏´‡∏ô‡∏µ‡∏¢‡∏ß‡πÉ‡∏´‡∏°‡πà ‡∏™‡∏±‡∏ô‡∏õ‡πà‡∏≤‡∏ï‡∏≠‡∏á ‡πÄ‡∏ä‡∏µ‡∏¢‡∏á‡πÉ‡∏´‡∏°‡πà ‡∏Ç‡∏≤‡∏ß‡∏™‡∏ß‡∏¢ ‡∏ô‡∏∂‡πà‡∏á‡∏ô‡∏¥‡πà‡∏° ‡∏´‡∏≠‡∏°‡∏≠‡∏£‡πà‡∏≠‡∏¢ ‡∏≠‡∏∏‡πà‡∏ô‡πÑ‡∏î‡πâ‡∏´‡∏•‡∏≤‡∏¢‡∏Ñ‡∏£‡∏±‡πâ‡∏á ‡∏ï‡∏£‡∏≤ ‡∏´‡∏°‡∏µ‡πÅ‡∏û‡∏ô‡∏î‡πâ‡∏≤ ‡∏Ç‡∏ô‡∏≤‡∏î 45 ‡∏Å‡∏Å. * ‡∏û‡∏£‡πâ‡∏≠‡∏°‡∏à‡∏±‡∏î‡∏™‡πà‡∏á‡∏ó‡∏±‡∏ô‡∏ó‡∏µ ‚óè ‡πÄ‡∏´‡∏°‡∏≤‡∏∞‡∏Å‡∏±‡∏ö,‡∏Ç‡πâ‡∏≤‡∏ß‡πÄ‡∏´‡∏ô‡∏µ‡∏¢‡∏ß‡∏™‡∏±‡∏ô‡∏õ‡πà‡∏≤‡∏ï‡∏≠‡∏á,lazada,‡∏Å‡∏£‡∏∏‡∏á‡πÄ‡∏ó‡∏û‡∏°‡∏´‡∏≤‡∏ô‡∏Ñ‡∏£,4374491127,170073,0.0,1860,1465,0,21,1860
www.lazada.co.th/products/-i5020776887.html,‡∏Ç‡πâ‡∏≤‡∏ß‡πÄ‡∏´‡∏ô‡∏µ‡∏¢‡∏ß‡∏™‡∏±‡∏ô‡∏õ‡πà‡∏≤‡∏ï‡∏≠‡∏á‡πÉ‡∏´‡∏°‡πà,‡∏Ç‡πâ‡∏≤‡∏ß‡πÄ‡∏´‡∏ô‡∏µ‡∏¢‡∏ß‡∏™‡∏±‡∏ô‡∏õ‡πà‡∏≤‡∏ï‡∏≠‡∏á,lazada,‡πÅ‡∏û‡∏£‡πà,5020776887,4640973,0.0,0,180,0,0,0
www.lazada.co.th/products/5-honey-snp-shop-i4433009494.html,‡∏Ç‡πâ‡∏≤‡∏ß‡πÄ‡∏´‡∏ô‡∏µ‡∏¢‡∏ß ‡∏™‡∏±‡∏ô‡∏õ‡πà‡∏≤‡∏ï‡∏≠‡∏á‡πÉ‡∏´‡∏°‡πà 5 ‡∏Å‡∏Å. ‡∏Ç‡πâ‡∏≤‡∏ß‡πÄ‡∏´‡∏ô‡∏µ‡∏¢‡∏ß‡πÉ‡∏´‡∏°‡πà ‡πÄ‡∏´‡∏ô‡∏µ‡∏¢‡∏ß ‡∏ô‡∏∏‡πà‡∏° ‡∏´‡∏≠‡∏°‡πÄ‡∏õ‡πá‡∏ô‡∏û‡∏¥‡πÄ‡∏®‡∏© ‡∏≠‡∏£‡πà‡∏≠‡∏¢ ‡∏£‡∏≤‡∏Ñ‡∏≤‡∏õ‡∏£‡∏∞‡∏´‡∏¢‡∏±‡∏î ‡∏™‡∏¥‡∏ô‡∏Ñ‡πâ‡∏≤‡∏Ñ‡∏∏‡∏ì‡∏†‡∏≤‡∏û ‡∏û‡∏£‡πâ‡∏≠‡∏°‡∏™‡πà‡∏á - Honey SNP Shop,‡∏Ç‡πâ‡∏≤‡∏ß‡πÄ‡∏´‡∏ô‡∏µ‡∏¢‡∏ß‡∏™‡∏±‡∏ô‡∏õ‡πà‡∏≤‡∏ï‡∏≠‡∏á,lazada,‡πÄ‡∏•‡∏¢,4433009494,4064541,5.0,0,229,14,0,0
www.lazada.co.th/products/8-i5205322853.html,"‡∏Ç‡πâ‡∏≤‡∏ß‡πÄ‡∏´‡∏ô‡∏µ‡∏¢‡∏ß‡∏™‡∏±‡∏ô‡∏õ‡πà‡∏≤‡∏ï‡∏≠‡∏á 8 ‡∏Å‡∏¥‡πÇ‡∏•‡∏Å‡∏£‡∏±‡∏° ‡∏Ç‡πâ‡∏≤‡∏ß‡πÄ‡∏´‡∏ô‡∏µ‡∏¢‡∏ß‡πÉ‡∏´‡∏°‡πà ‡∏Ñ‡∏±‡∏î‡∏û‡∏¥‡πÄ‡∏®‡∏© ‡∏´‡∏≠‡∏° ‡∏ô‡∏∏‡πà‡∏° ‡∏≠‡∏£‡πà‡∏≠‡∏¢ ‡∏™‡∏¥‡∏ô‡∏Ñ‡πâ‡∏≤‡∏Ñ‡∏∏‡∏ì‡∏†‡∏≤‡∏û ‡πÅ‡∏ö‡∏£‡∏ô‡∏î‡πå ""‡∏ß‡∏±‡∏ô‡πÄ‡∏î‡∏≠‡∏£‡πå‡πÅ‡∏•‡∏ô‡∏î‡πå‡∏™‡∏∏‡∏£‡∏¥‡∏ô‡∏ó‡∏£‡πå""",‡∏Ç‡πâ‡∏≤‡∏ß‡πÄ‡∏´‡∏ô‡∏µ‡∏¢‡∏ß‡∏™‡∏±‡∏ô‡∏õ‡πà‡∏≤‡∏ï‡∏≠‡∏á,lazada,‡∏™‡∏∏‡∏£‡∏¥‡∏ô‡∏ó‡∏£‡πå,5205322853,4206293,0.0,590,410,0,31,590
www.lazada.co.th/products/5-i4665355331.html,"‡∏Ç‡πâ‡∏≤‡∏ß‡πÄ‡∏´‡∏ô‡∏µ‡∏¢‡∏ß ""‡∏™‡∏±‡∏ô‡∏õ‡πà‡∏≤‡∏ï‡∏≠‡∏á"" ‡πÉ‡∏´‡∏°‡πà‡πÄ‡∏≠‡∏µ‡πà‡∏¢‡∏°!!! ‡πÅ‡∏ö‡πà‡∏á‡∏Ç‡∏≤‡∏¢ ‡∏Ç‡∏ô‡∏≤‡∏î 5 ‡∏Å‡∏Å.",‡∏Ç‡πâ‡∏≤‡∏ß‡πÄ‡∏´‡∏ô‡∏µ‡∏¢‡∏ß‡∏™‡∏±‡∏ô‡∏õ‡πà‡∏≤‡∏ï‡∏≠‡∏á,lazada,‡∏Å‡∏£‡∏∏‡∏á‡πÄ‡∏ó‡∏û‡∏°‡∏´‡∏≤‡∏ô‡∏Ñ‡∏£,4665355331,2301360,5.0,0,450,28,0,0
www.lazada.co.th/products/1-i5281504295.html,‡∏Ç‡πâ‡∏≤‡∏ß‡πÄ‡∏´‡∏ô‡∏µ‡∏¢‡∏ß‡∏™‡∏±‡∏ô‡∏õ‡πà‡∏≤‡∏ï‡∏≠‡∏á‡∏Ñ‡∏±‡∏î‡∏û‡∏¥‡πÄ‡∏®‡∏© ‡∏Ç‡πâ‡∏≤‡∏ß‡πÄ‡∏°‡πá‡∏î‡∏™‡∏ß‡∏¢  ‡∏ö‡∏£‡∏£‡∏à‡∏∏1 ‡∏Å‡∏¥‡πÇ‡∏•‡∏Å‡∏£‡∏±‡∏° ‡∏ú‡∏•‡∏¥‡∏ï‡∏à‡∏≤‡∏Å‡∏Ç‡πâ‡∏≤‡∏ß‡∏ä‡∏≤‡∏ß‡∏ô‡∏≤ ‡∏™‡πà‡∏á‡∏à‡∏≤‡∏Å‡πÇ‡∏£‡∏á‡∏™‡∏µ‡∏Ç‡πâ‡∏≤‡∏ß‡πÇ‡∏î‡∏¢‡∏ï‡∏£‡∏á,‡∏Ç‡πâ‡∏≤‡∏ß‡πÄ‡∏´‡∏ô‡∏µ‡∏¢‡∏ß‡∏™‡∏±‡∏ô‡∏õ‡πà‡∏≤‡∏ï‡∏≠‡∏á,lazada,‡πÄ‡∏ä‡∏µ‡∏¢‡∏á‡πÉ‡∏´‡∏°‡πà,5281504295,4531381,0.0,59,50.6,0,14,59
www.lazada.co.th/products/1-i4215268342.html,‡∏Ç‡πâ‡∏≤‡∏ß‡πÄ‡∏´‡∏ô‡∏µ‡∏¢‡∏ß‡πÄ‡∏Ç‡∏µ‡πâ‡∏¢‡∏ß‡∏á‡∏π ‡∏™‡∏±‡∏ô‡∏õ‡πà‡∏≤‡∏ï‡∏≠‡∏á ‡∏ï‡∏£‡∏≤‡πÄ‡∏≠‡∏ß‡∏±‡∏ì‡πÄ‡∏•‡∏¥‡∏® 1 ‡∏Å‡∏Å.,‡∏Ç‡πâ‡∏≤‡∏ß‡πÄ‡∏´‡∏ô‡∏µ‡∏¢‡∏ß‡∏™‡∏±‡∏ô‡∏õ‡πà‡∏≤‡∏ï‡∏≠‡∏á,lazada,‡∏Å‡∏≤‡∏ç‡∏à‡∏ô‡∏ö‡∏∏‡∏£‡∏µ,4215268342,3527310,5.0,0,55,70,0,0
www.lazada.co.th/products/bherbs-brown-rice-i4154150720.html,‡∏Ç‡πâ‡∏≤‡∏ß‡πÄ‡∏´‡∏ô‡∏µ‡∏¢‡∏ß‡∏î‡∏≥/‡∏Ç‡πâ‡∏≤‡∏ß‡∏Å‡∏•‡πâ‡∏≠‡∏á‡∏´‡∏≠‡∏°‡∏°‡∏∞‡∏•‡∏¥‡πÅ‡∏î‡∏á/‡∏Ç‡πâ‡∏≤‡∏ß‡∏´‡∏≠‡∏°‡∏°‡∏∞‡∏•‡∏¥/‡∏Ç‡πâ‡∏≤‡∏ß‡πÄ‡∏´‡∏ô‡∏µ‡∏¢‡∏ß‡∏™‡∏±‡∏ô‡∏õ‡πà‡∏≤‡∏ï‡∏≠‡∏á/‡πÑ‡∏£‡∏ã‡πå‡πÄ‡∏ö‡∏≠‡∏£‡∏µ‡πà/‡∏Ç‡πâ‡∏≤‡∏ß‡∏Å‡∏•‡πâ‡∏≠‡∏á‡∏™‡∏±‡∏á‡∏Ç‡πå‡∏´‡∏¢‡∏î/‡∏Ç‡πâ‡∏≤‡∏ß‡∏ç‡∏µ‡πà‡∏õ‡∏∏‡πà‡∏ô BHerbs Brown Rice,‡∏Ç‡πâ‡∏≤‡∏ß‡πÄ‡∏´‡∏ô‡∏µ‡∏¢‡∏ß‡∏™‡∏±‡∏ô‡∏õ‡πà‡∏≤‡∏ï‡∏≠‡∏á,lazada,‡∏™‡∏°‡∏∏‡∏ó‡∏£‡∏õ‡∏£‡∏≤‡∏Å‡∏≤‡∏£,4154150720,489149,0.0,0,110,0,0,0
www.lazada.co.th/products/5-i4006666818.html,‡∏Ç‡πâ‡∏≤‡∏ß‡πÄ‡∏´‡∏ô‡∏µ‡∏¢‡∏ß‡πÉ‡∏´‡∏°‡πà(‡∏™‡∏±‡∏ô‡∏õ‡πà‡∏≤‡∏ï‡∏≠‡∏á 5 ‡∏Å‡∏¥‡πÇ‡∏•‡∏Å‡∏£‡∏±‡∏°),‡∏Ç‡πâ‡∏≤‡∏ß‡πÄ‡∏´‡∏ô‡∏µ‡∏¢‡∏ß‡∏™‡∏±‡∏ô‡∏õ‡πà‡∏≤‡∏ï‡∏≠‡∏á,lazada,‡∏™‡∏∏‡∏£‡∏¥‡∏ô‡∏ó‡∏£‡πå,4006666818,3436742,0.0,0,175,0,0,0
www.lazada.co.th/products/45-45-i4374491127.html,‡∏Ç‡πâ‡∏≤‡∏ß‡πÄ‡∏´‡∏ô‡∏µ‡∏¢‡∏ß‡πÉ‡∏´‡∏°‡πà ‡∏™‡∏±‡∏ô‡∏õ‡πà‡∏≤‡∏ï‡∏≠‡∏á ‡πÄ‡∏ä‡∏µ‡∏¢‡∏á‡πÉ‡∏´‡∏°‡πà ‡∏Ç‡∏≤‡∏ß‡∏™‡∏ß‡∏¢ ‡∏ô‡∏∂‡πà‡∏á‡∏ô‡∏¥‡πà‡∏° ‡∏´‡∏≠‡∏°‡∏≠‡∏£‡πà‡∏≠‡∏¢ ‡∏≠‡∏∏‡πà‡∏ô‡πÑ‡∏î‡πâ‡∏´‡∏•‡∏≤‡∏¢‡∏Ñ‡∏£‡∏±‡πâ‡∏á ‡∏ï‡∏£‡∏≤ ‡∏´‡∏°‡∏µ‡πÅ‡∏û‡∏ô‡∏î‡πâ‡∏≤ ‡∏Ç‡∏ô‡∏≤‡∏î 45 ‡∏Å‡∏Å. * ‡∏û‡∏£‡πâ‡∏≠‡∏°‡∏à‡∏±‡∏î‡∏™‡πà‡∏á‡∏ó‡∏±‡∏ô‡∏ó‡∏µ‚óè ‡∏Ç‡πâ‡∏≤‡∏ß‡πÄ‡∏´‡∏ô‡∏µ‡∏¢‡∏ß‡πÉ‡∏´‡∏°‡πà ‡∏™‡∏±‡∏ô‡∏õ‡πà‡∏≤‡∏ï‡∏≠‡∏á ‡πÄ‡∏ä‡∏µ‡∏¢‡∏á‡πÉ‡∏´‡∏°‡πà ‡∏Ç‡∏≤‡∏ß‡∏™‡∏ß‡∏¢ ‡∏ô‡∏∂‡πà‡∏á‡∏ô‡∏¥‡πà‡∏° ‡∏´‡∏≠‡∏°‡∏≠‡∏£‡πà‡∏≠‡∏¢ ‡∏≠‡∏∏‡πà‡∏ô‡πÑ‡∏î‡πâ‡∏´‡∏•‡∏≤‡∏¢‡∏Ñ‡∏£‡∏±‡πâ‡∏á ‡∏ï‡∏£‡∏≤ ‡∏´‡∏°‡∏µ‡πÅ‡∏û‡∏ô‡∏î‡πâ‡∏≤ ‡∏Ç‡∏ô‡∏≤‡∏î 45 ‡∏Å‡∏Å. * ‡∏û‡∏£‡πâ‡∏≠‡∏°‡∏à‡∏±‡∏î‡∏™‡πà‡∏á‡∏ó‡∏±‡∏ô‡∏ó‡∏µ ‚óè ‡πÄ‡∏´‡∏°‡∏≤‡∏∞‡∏Å‡∏±‡∏ö,‡∏Ç‡πâ‡∏≤‡∏ß‡πÄ‡∏´‡∏ô‡∏µ‡∏¢‡∏ß‡∏™‡∏±‡∏ô‡∏õ‡πà‡∏≤‡∏ï‡∏≠‡∏á,lazada,‡∏Å‡∏£‡∏∏‡∏á‡πÄ‡∏ó‡∏û‡∏°‡∏´‡∏≤‡∏ô‡∏Ñ‡∏£,4374491127,170073,0.0,1860,1465,0,21,1860
www.lazada.co.th/products/-i5020776887.html,‡∏Ç‡πâ‡∏≤‡∏ß‡πÄ‡∏´‡∏ô‡∏µ‡∏¢‡∏ß‡∏™‡∏±‡∏ô‡∏õ‡πà‡∏≤‡∏ï‡∏≠‡∏á‡πÉ‡∏´‡∏°‡πà,‡∏Ç‡πâ‡∏≤‡∏ß‡πÄ‡∏´‡∏ô‡∏µ‡∏¢‡∏ß‡∏™‡∏±‡∏ô‡∏õ‡πà‡∏≤‡∏ï‡∏≠‡∏á,lazada,Phrae,5020776887,4640973,0.0,0,180,0,0,0
www.lazada.co.th/products/5-honey-snp-shop-i4433009494.html,‡∏Ç‡πâ‡∏≤‡∏ß‡πÄ‡∏´‡∏ô‡∏µ‡∏¢‡∏ß ‡∏™‡∏±‡∏ô‡∏õ‡πà‡∏≤‡∏ï‡∏≠‡∏á‡πÉ‡∏´‡∏°‡πà 5 ‡∏Å‡∏Å. ‡∏Ç‡πâ‡∏≤‡∏ß‡πÄ‡∏´‡∏ô‡∏µ‡∏¢‡∏ß‡πÉ‡∏´‡∏°‡πà ‡πÄ‡∏´‡∏ô‡∏µ‡∏¢‡∏ß ‡∏ô‡∏∏‡πà‡∏° ‡∏´‡∏≠‡∏°‡πÄ‡∏õ‡πá‡∏ô‡∏û‡∏¥‡πÄ‡∏®‡∏© ‡∏≠‡∏£‡πà‡∏≠‡∏¢ ‡∏£‡∏≤‡∏Ñ‡∏≤‡∏õ‡∏£‡∏∞‡∏´‡∏¢‡∏±‡∏î ‡∏™‡∏¥‡∏ô‡∏Ñ‡πâ‡∏≤‡∏Ñ‡∏∏‡∏ì‡∏†‡∏≤‡∏û ‡∏û‡∏£‡πâ‡∏≠‡∏°‡∏™‡πà‡∏á - Honey SNP Shop,‡∏Ç‡πâ‡∏≤‡∏ß‡πÄ‡∏´‡∏ô‡∏µ‡∏¢‡∏ß‡∏™‡∏±‡∏ô‡∏õ‡πà‡∏≤‡∏ï‡∏≠‡∏á,lazada,Loei,4433009494,4064541,5.0,0,229,14,0,0
www.lazada.co.th/products/8-i5205322853.html,"‡∏Ç‡πâ‡∏≤‡∏ß‡πÄ‡∏´‡∏ô‡∏µ‡∏¢‡∏ß‡∏™‡∏±‡∏ô‡∏õ‡πà‡∏≤‡∏ï‡∏≠‡∏á 8 ‡∏Å‡∏¥‡πÇ‡∏•‡∏Å‡∏£‡∏±‡∏° ‡∏Ç‡πâ‡∏≤‡∏ß‡πÄ‡∏´‡∏ô‡∏µ‡∏¢‡∏ß‡πÉ‡∏´‡∏°‡πà ‡∏Ñ‡∏±‡∏î‡∏û‡∏¥‡πÄ‡∏®‡∏© ‡∏´‡∏≠‡∏° ‡∏ô‡∏∏‡πà‡∏° ‡∏≠‡∏£‡πà‡∏≠‡∏¢ ‡∏™‡∏¥‡∏ô‡∏Ñ‡πâ‡∏≤‡∏Ñ‡∏∏‡∏ì‡∏†‡∏≤‡∏û ‡πÅ‡∏ö‡∏£‡∏ô‡∏î‡πå ""‡∏ß‡∏±‡∏ô‡πÄ‡∏î‡∏≠‡∏£‡πå‡πÅ‡∏•‡∏ô‡∏î‡πå‡∏™‡∏∏‡∏£‡∏¥‡∏ô‡∏ó‡∏£‡πå""",‡∏Ç‡πâ‡∏≤‡∏ß‡πÄ‡∏´‡∏ô‡∏µ‡∏¢‡∏ß‡∏™‡∏±‡∏ô‡∏õ‡πà‡∏≤‡∏ï‡∏≠‡∏á,lazada,Surin,5205322853,4206293,0.0,590,410,0,31,590
www.lazada.co.th/products/5-i4006666818.html,‡∏Ç‡πâ‡∏≤‡∏ß‡πÄ‡∏´‡∏ô‡∏µ‡∏¢‡∏ß‡πÉ‡∏´‡∏°‡πà(‡∏™‡∏±‡∏ô‡∏õ‡πà‡∏≤‡∏ï‡∏≠‡∏á 5 ‡∏Å‡∏¥‡πÇ‡∏•‡∏Å‡∏£‡∏±‡∏°),‡∏Ç‡πâ‡∏≤‡∏ß‡πÄ‡∏´‡∏ô‡∏µ‡∏¢‡∏ß‡∏™‡∏±‡∏ô‡∏õ‡πà‡∏≤‡∏ï‡∏≠‡∏á,lazada,Surin,4006666818,3436742,0.0,0,175,0,0,0
www.lazada.co.th/products/45-45-i4374491127.html,‡∏Ç‡πâ‡∏≤‡∏ß‡πÄ‡∏´‡∏ô‡∏µ‡∏¢‡∏ß‡πÉ‡∏´‡∏°‡πà ‡∏™‡∏±‡∏ô‡∏õ‡πà‡∏≤‡∏ï‡∏≠‡∏á ‡πÄ‡∏ä‡∏µ‡∏¢‡∏á‡πÉ‡∏´‡∏°‡πà ‡∏Ç‡∏≤‡∏ß‡∏™‡∏ß‡∏¢ ‡∏ô‡∏∂‡πà‡∏á‡∏ô‡∏¥‡πà‡∏° ‡∏´‡∏≠‡∏°‡∏≠‡∏£‡πà‡∏≠‡∏¢ ‡∏≠‡∏∏‡πà‡∏ô‡πÑ‡∏î‡πâ‡∏´‡∏•‡∏≤‡∏¢‡∏Ñ‡∏£‡∏±‡πâ‡∏á ‡∏ï‡∏£‡∏≤ ‡∏´‡∏°‡∏µ‡πÅ‡∏û‡∏ô‡∏î‡πâ‡∏≤ ‡∏Ç‡∏ô‡∏≤‡∏î 45 ‡∏Å‡∏Å. * ‡∏û‡∏£‡πâ‡∏≠‡∏°‡∏à‡∏±‡∏î‡∏™‡πà‡∏á‡∏ó‡∏±‡∏ô‡∏ó‡∏µ‚óè ‡∏Ç‡πâ‡∏≤‡∏ß‡πÄ‡∏´‡∏ô‡∏µ‡∏¢‡∏ß‡πÉ‡∏´‡∏°‡πà ‡∏™‡∏±‡∏ô‡∏õ‡πà‡∏≤‡∏ï‡∏≠‡∏á ‡πÄ‡∏ä‡∏µ‡∏¢‡∏á‡πÉ‡∏´‡∏°‡πà ‡∏Ç‡∏≤‡∏ß‡∏™‡∏ß‡∏¢ ‡∏ô‡∏∂‡πà‡∏á‡∏ô‡∏¥‡πà‡∏° ‡∏´‡∏≠‡∏°‡∏≠‡∏£‡πà‡∏≠‡∏¢ ‡∏≠‡∏∏‡πà‡∏ô‡πÑ‡∏î‡πâ‡∏´‡∏•‡∏≤‡∏¢‡∏Ñ‡∏£‡∏±‡πâ‡∏á ‡∏ï‡∏£‡∏≤ ‡∏´‡∏°‡∏µ‡πÅ‡∏û‡∏ô‡∏î‡πâ‡∏≤ ‡∏Ç‡∏ô‡∏≤‡∏î 45 ‡∏Å‡∏Å. * ‡∏û‡∏£‡πâ‡∏≠‡∏°‡∏à‡∏±‡∏î‡∏™‡πà‡∏á‡∏ó‡∏±‡∏ô‡∏ó‡∏µ ‚óè ‡πÄ‡∏´‡∏°‡∏≤‡∏∞‡∏Å‡∏±‡∏ö,‡∏Ç‡πâ‡∏≤‡∏ß‡πÄ‡∏´‡∏ô‡∏µ‡∏¢‡∏ß‡∏™‡∏±‡∏ô‡∏õ‡πà‡∏≤‡∏ï‡∏≠‡∏á,lazada,Bangkok,4374491127,170073,0.0,1860,1465,0,21,1860